,first_loc,first_res,second_loc,second_res,ddG,ddG_lb,ddG_ub,ddG_GAAA,ddG_GAAA_lb,ddG_GAAA_ub,limit
UAUGG_CCUAAG,,,,,,,,,,,
AAUGG_CCUAAG,7,A,,,0.19719926808500043,-0.0711969833570619,0.49380981181968736,3.7273124535291116,3.2885479253314576,3.969202041527879,False
CAUGG_CCUAAG,7,C,,,0.7077581571883335,0.4486517707658338,1.053748663741833,4.35510726396612,4.198651260090095,4.520037001335993,True
GAUGG_CCUAAG,7,G,,,0.201915376949,-0.058468372320700485,0.47428910171819966,3.6258104217304346,3.2577288529433477,3.8696933116564955,False
UAAGG_CCUAAG,9,A,,,0.18129390351499977,-0.12407731404409962,0.4794794740437502,3.601831646287392,3.204249252092362,3.8850327245102982,False
UACGG_CCUAAG,9,C,,,0.547681130013,0.3050471492913492,0.8084609817119502,3.9732292057780128,3.612172923156048,4.194361614722369,False
UAGGG_CCUAAG,9,G,,,0.5877077509599999,0.37907930776090015,0.8187887538409002,4.022161440616129,3.6775789701548605,4.197960005963788,True
UAUAG_CCUAAG,10,A,,,1.0373055259340005,0.8620903576431003,1.2492763611459508,4.481618499356244,4.145518100789011,4.61326998856076,True
UAUCG_CCUAAG,10,C,,,0.9323702207940003,0.62915146184225,1.2404119575254497,4.351740392568584,3.953178998386454,4.638486710146643,True
UAUGA_CCUAAG,11,A,,,0.8092415976980003,0.5614072206641999,1.07187643756975,4.2344215610957,3.867283650438127,4.461914916874844,True
UAUGC_CCUAAG,11,C,,,1.0224637556890004,0.8352380788468001,1.24262340311235,4.461676996303291,4.126399411458317,4.611042121562818,True
UAUGG_ACUAAG,1,A,,,0.9925499967010005,0.8076432446019504,1.2148873077786004,4.4331231485474545,4.09065372000673,4.58471303946268,True
UAUGG_CAUAAG,2,A,,,1.009664635655,0.7886579718949002,1.2554854288884998,4.438192319000278,4.087332919414594,4.647099583830683,True
UAUGG_CCAAAG,3,A,,,0.56907973780375,0.2724775121293747,0.8852643285524999,4.108270277652883,3.6447639707487225,4.3734077670389055,True
UAUGG_CCCAAG,3,C,,,0.771155036913,0.4274232501750498,1.0897621142418497,4.187514458003111,3.764026714860016,4.493921745942487,False
UAUGG_CCGAAG,3,G,,,0.41741174721899976,0.1582862042359,0.6955895805531498,3.841492205362008,3.47026556060562,4.0888959201748625,False
UAUGG_CCUAAA,6,A,,,-0.10711606082600005,-0.33056134779135,0.13737279845205042,3.3213829052652866,2.964657023151476,3.528039808925285,False
UAUGG_CCUAAC,6,C,,,0.5298935037470001,0.28754319512704984,0.7902599840685999,3.9557088347970373,3.5980824643111644,4.1860108291953555,True
UAUGG_CCUAAU,6,U,,,0.44916928850900006,0.19122320216795027,0.7184606255592995,3.871645307134597,3.4982704368602784,4.1125918882518055,True
UAUGG_CCUACG,5,C,,,0.12320041931499981,-0.11960562126934958,0.37575806805114986,3.5508313221642935,3.19147393891364,3.763036989262978,False
UAUGG_CCUAGG,5,G,,,0.39883934411800015,0.03039525413430066,0.7396065664158004,3.8152478573809034,3.3740240312668957,4.139702376032801,False
UAUGG_CCUAUG,5,U,,,0.1979087558862499,-0.016944476368312405,0.41049566495799983,3.5235501990210953,3.0890344980649505,3.7436934770711012,False
UAUGG_CCUCAG,4,C,,,0.37404831473400024,0.11377094744904989,0.6384097299300496,3.796090084166596,3.4266533750670214,4.033717982896408,False
UAUGG_CCUGAG,4,G,,,0.3167111207087505,-0.02086103818424959,0.6647242340214998,3.833781400942907,3.3556679194254033,4.1561274198047204,False
UAUGG_CCUUAG,4,U,,,0.5061723486319998,0.2695272853466001,0.7650762255589497,3.934065174060121,3.5715606177242267,4.15291870214173,False
UAUGG_CGUAAG,2,G,,,1.0373055259340005,0.8620903576431003,1.2492763611459508,4.481618499356244,4.145518100789011,4.61326998856076,True
UAUGG_CUUAAG,2,U,,,0.8476615331939998,0.6155200450050499,1.0998932418650005,4.274076438182725,3.9170921393068507,4.486609329754969,True
UAUGG_GCUAAG,1,G,,,0.4167641342580002,0.1777000041161502,0.6827146837476,3.8437942246699435,3.4859515494601374,4.065731232718151,False
UAUGG_UCUAAG,1,U,,,0.8914608613740002,0.6932929398824003,1.1255594284882005,4.32819226603074,3.9757009809386266,4.502226000115448,True
UAUGU_CCUAAG,11,U,,,1.0373055259340005,0.8620903576431003,1.2492763611459508,4.481618499356244,4.145518100789011,4.61326998856076,True
UAUUG_CCUAAG,10,U,,,1.0373055259340005,0.8620903576431003,1.2492763611459508,4.481618499356244,4.145518100789011,4.61326998856076,True
UCUGG_CCUAAG,8,C,,,0.3773440279910001,0.12889312713644968,0.63681509873205,3.806518443779712,3.4354152635661697,4.025334245216565,True
UGUGG_CCUAAG,8,G,,,0.7422346903460002,0.50294332536,1.0000074169374,4.1695288728900275,3.8122574413029606,4.389053749068239,True
UUUGG_CCUAAG,8,U,,,0.0268026533233335,-0.20430165925783342,0.26304473175508314,3.3909802204835024,3.2174509335468198,3.5853800698024063,False
AAAGG_CCUAAG,7,A,9,A,-0.2080460552187502,-0.45056450267237497,0.07393524532174987,3.3279452922301838,2.8978095987706736,3.5425257379063257,False
AACGG_CCUAAG,7,A,9,C,0.23447921613499956,-0.08921428751943788,0.5729644494683127,3.756826010983253,3.2943230523672393,4.050416636044204,False
AAGGG_CCUAAG,7,A,9,G,0.03311174875499956,-0.24747047621874957,0.3419165331790004,3.571159632022533,3.1258147444924864,3.8248034374749817,False
AAUAG_CCUAAG,7,A,10,A,1.0190693188180002,0.8306184808539504,1.24416464121935,4.457951359809913,4.113461894897571,4.611446652972277,True
AAUCG_CCUAAG,7,A,10,C,0.9219675741160005,0.6854962753012502,1.1751328794351499,4.350799570357918,3.989996746342178,4.56092571352658,True
AAUGA_CCUAAG,7,A,11,A,1.0240045830100004,0.8325708002622005,1.2468468789721001,4.462563228866343,4.121493058735535,4.622780682244809,True
AAUGC_CCUAAG,7,A,11,C,1.0191486392250002,0.8255862705230506,1.2473313751650004,4.457768766380282,4.111335883859408,4.621674917578891,True
AAUGG_ACUAAG,7,A,1,A,1.0373055259340005,0.8620903576431003,1.2492763611459508,4.481618499356244,4.145518100789011,4.61326998856076,True
AAUGG_CAUAAG,7,A,2,A,0.9964438024530002,0.7708789440096503,1.2509105137393501,4.426958592906834,4.064169753612511,4.638752361742001,True
AAUGG_CCAAAG,7,A,3,A,0.34678495567,0.03993334646849984,0.7146110805915832,3.9936337378277953,3.77609055165443,4.211103825564054,True
AAUGG_CCCAAG,7,A,3,C,0.06646267106125048,-0.1915482954281253,0.3600041709846879,3.6016807243174465,3.16163518541651,3.832185154098047,False
AAUGG_CCGAAG,7,A,3,G,0.23527276421624976,-0.028270600268186934,0.5403775684429377,3.7667536704980096,3.3236570330219593,4.0185626341301965,False
AAUGG_CCUAAA,7,A,6,A,0.010024008705999687,-0.21560123671564999,0.2528953632973502,3.4406075306962713,3.085100078176778,3.6342405352874128,False
AAUGG_CCUAAC,7,A,6,C,-0.08959599680099989,-0.30849147897264984,0.15269908856239992,3.342218003494499,2.994970101653163,3.530368497257921,False
AAUGG_CCUAAU,7,A,6,U,-0.34223070457499993,-0.5706855762225835,-0.11993123146283283,3.094954973876122,2.527576404622572,3.3287005801611924,False
AAUGG_CCUACG,7,A,5,C,0.2976512545460002,0.04007058054185005,0.57563304984525,3.7221441235928676,3.353728333670715,3.9711377321061687,False
AAUGG_CCUAGG,7,A,5,G,0.3695969394809999,0.12018637338060005,0.6365000184089503,3.796910654578136,3.426241692589423,4.025781743629094,True
AAUGG_CCUAUG,7,A,5,U,0.22542486733199968,-0.020790610549300124,0.48619606520245,3.653769784593254,3.2859232379762093,3.8818749048840395,False
AAUGG_CCUCAG,7,A,4,C,0.33668281959199986,0.07421045166724975,0.6143646930919501,3.761556198338241,3.3847202763431583,4.005968127612254,False
AAUGG_CCUGAG,7,A,4,G,0.12097169276500008,-0.1882639380084999,0.4456523964654997,3.6056979125284143,3.3599953848125903,3.8492094952260194,False
AAUGG_CCUUAG,7,A,4,U,0.15192660786199985,-0.09608989448944978,0.42063784836470053,3.5777864266648747,3.206923140676545,3.8134552816864713,False
AAUGG_CGUAAG,7,A,2,G,1.0102725781970001,0.8165488176378005,1.2359982469494504,4.447159556833421,4.103040557794204,4.607945534473725,True
AAUGG_CUUAAG,7,A,2,U,0.9675999920050005,0.72816361339405,1.221562268596,4.397074187499536,4.0353546662540465,4.607152423216585,True
AAUGG_GCUAAG,7,A,1,G,0.3739144380860001,0.13557152051424967,0.6397230888255496,3.802303924985421,3.438107167408893,4.023062481764151,False
AAUGG_UCUAAG,7,A,1,U,0.96255043656,0.7655501679273001,1.1970699399761506,4.398610882829518,4.057665594610797,4.5677911961358975,True
AAUGU_CCUAAG,7,A,11,U,1.0161925953070003,0.8248981904354503,1.2371175298278505,4.453429953208037,4.117191113422645,4.608521670144235,True
AAUUG_CCUAAG,7,A,10,U,1.0373055259340005,0.8620903576431003,1.2492763611459508,4.481618499356244,4.145518100789011,4.61326998856076,True
ACUGG_CCUAAG,7,A,8,C,-0.18833483277625007,-0.4484470608428755,0.07190161882956185,3.1296250552170806,2.686504339076976,3.4137513551889938,False
AGUGG_CCUAAG,7,A,8,G,0.3733134668010002,0.10071190517584998,0.6581188067473994,3.7973624749341077,3.4168059215674957,4.048459126007726,False
AUUGG_CCUAAG,7,A,8,U,0.347112961703,0.09725441500694987,0.6243804892833998,3.7700809010901084,3.3997556485010647,4.0237335994637276,True
CAAGG_CCUAAG,7,C,9,A,-0.8033004118610001,-1.0589999202784002,-0.5262155040490001,2.6200660116250836,2.2439966059589587,2.860924943772066,False
CACGG_CCUAAG,7,C,9,C,0.12625369852000007,-0.1882188618161665,0.4404168685313335,3.556706825949891,2.9686014036434907,3.9005833978374636,False
CAGGG_CCUAAG,7,C,9,G,0.4412844394312503,0.0714706003621255,0.7858107900784373,3.964879623299233,3.462263310268914,4.274022909795303,False
CAUAG_CCUAAG,7,C,10,A,0.9844491662687502,0.6534904879619378,1.2814445282516878,4.523955340721048,4.048196033657654,4.75242353959224,True
CAUCG_CCUAAG,7,C,10,C,1.0373055259340005,0.8620903576431003,1.2492763611459508,4.481618499356244,4.145518100789011,4.61326998856076,True
CAUGA_CCUAAG,7,C,11,A,1.0373055259340005,0.8620903576431003,1.2492763611459508,4.481618499356244,4.145518100789011,4.61326998856076,True
CAUGC_CCUAAG,7,C,11,C,0.9373093931380003,0.7308631004808,1.1675012786774004,4.3772594431824166,4.027230641058947,4.536870646378069,True
CAUGG_ACUAAG,7,C,1,A,1.0373055259340005,0.8620903576431003,1.2492763611459508,4.481618499356244,4.145518100789011,4.61326998856076,True
CAUGG_CAUAAG,7,C,2,A,0.94478604194,0.4984852317898498,1.3209696622465001,4.347860824196007,3.8285847229903127,4.722563511054701,True
CAUGG_CCAAAG,7,C,3,A,0.3037938895799998,0.013711480466750643,0.6641625381529991,3.9491406978367642,3.739899712456229,4.15178062242926,True
CAUGG_CCCAAG,7,C,3,C,0.3914674969633333,-0.07478472771483363,0.8150679531756665,4.039396162489542,3.613345754176014,4.341867196534731,False
CAUGG_CCGAAG,7,C,3,G,0.8417354990400003,0.539648642921416,1.1456380899110832,4.2603807318205575,3.6682525546498836,4.606644679267675,False
CAUGG_CCUAAA,7,C,6,A,-0.16327385504750014,-0.42852940228975056,0.10786896452849984,3.3689251598497076,3.164328306692557,3.5913872312032504,False
CAUGG_CCUAAC,7,C,6,C,0.09428733857100022,-0.1723440756351997,0.3773284757340001,3.5171123580344874,3.1399677392074232,3.7717347638508483,False
CAUGG_CCUAAU,7,C,6,U,0.3649662509709998,0.08900615224859998,0.6427344699724002,3.783816583249674,3.4002268493933356,4.044877249537688,False
CAUGG_CCUACG,7,C,5,C,0.005735569349999636,-0.27189800149775023,0.24024104881899988,3.3705420442036016,3.1231666315109083,3.572506002375118,False
CAUGG_CCUAGG,7,C,5,G,0.5024245741612502,0.25793314223987535,0.7873746225426866,4.0408513896376945,3.5997320688113934,4.258022283158153,True
CAUGG_CCUAUG,7,C,5,U,0.6977201360350005,-1.1087147240242505,1.4078912351499988,4.7969749857600155,2.993305629649837,5.420102165984188,False
CAUGG_CCUCAG,7,C,4,C,0.5451818512800003,0.2855618317536258,0.8490788961078123,4.032739146085447,3.8485204012858487,4.2389946271462,True
CAUGG_CCUGAG,7,C,4,G,0.4718391844300003,0.08617733692289999,0.8256677821502995,3.886017080588841,3.4308317444168503,4.228041558767263,False
CAUGG_CCUUAG,7,C,4,U,0.6962064399016671,0.4037309275416664,1.0603503784802502,4.3436639920370865,4.135112868634824,4.551560610100059,True
CAUGG_CGUAAG,7,C,2,G,1.0316405459110003,0.7687182610102007,1.2842539092171004,4.45998920454206,4.09121411067154,4.672131938019668,True
CAUGG_CUUAAG,7,C,2,U,0.765522759075,0.5318577087151003,1.0190400139252005,4.19431398549823,3.8308596668933297,4.406305780472843,True
CAUGG_GCUAAG,7,C,1,G,0.7694236017570001,0.5476395283352506,1.0250763375157501,4.1992524475339765,3.8474394731377433,4.407021629557199,True
CAUGG_UCUAAG,7,C,1,U,0.9518086512140003,0.7347319781786504,1.1976303058103996,4.38214003631705,4.032408042245258,4.583782095496185,True
CAUGU_CCUAAG,7,C,11,U,1.0373055259340005,0.8620903576431003,1.2492763611459508,4.481618499356244,4.145518100789011,4.61326998856076,True
CAUUG_CCUAAG,7,C,10,U,0.9621506466760004,0.7060521535150002,1.2401549506695004,4.385899527304328,4.013247926091262,4.634441077934725,True
CCUGG_CCUAAG,7,C,8,C,0.8257628628124998,0.33122590042024946,1.203686079075875,4.363345967248672,3.897006890804032,4.70928021844417,False
CGUGG_CCUAAG,7,C,8,G,0.19917889467499986,-0.33374263424458345,0.6774481529813337,3.5031764662424028,3.034025887827655,3.866418603595141,True
CUUGG_CCUAAG,7,C,8,U,0.1412151460900004,-0.4558929050847502,0.7637859566564992,4.205897245866318,3.6333953588010806,4.8118511220470115,False
GAAGG_CCUAAG,7,G,9,A,-0.05978706496249986,-0.45769609815400003,0.3455313895431872,3.422964860222855,3.0686987941593054,3.7750065973566485,False
GACGG_CCUAAG,7,G,9,C,-0.657957292942,-0.8837307373495001,-0.4032062906539499,2.771270427495315,2.4160178283042795,2.9807932088414577,False
GAGGG_CCUAAG,7,G,9,G,0.3378008319999999,0.0527611616468002,0.6471032912256998,3.7566356623408055,3.366571271409196,4.040080703033017,False
GAUAG_CCUAAG,7,G,10,A,0.9725321984620006,0.7746995731293005,1.2022854206663505,4.409896373915556,4.064431397946456,4.575260871248603,True
GAUCG_CCUAAG,7,G,10,C,1.0373055259340005,0.8620903576431003,1.2492763611459508,4.481618499356244,4.145518100789011,4.61326998856076,True
GAUGA_CCUAAG,7,G,11,A,0.7366679530760002,0.45009249270710067,1.0456241878808503,4.155971349800944,3.7759704700777217,4.45868774701258,True
GAUGC_CCUAAG,7,G,11,C,1.0373055259340005,0.8620903576431003,1.2492763611459508,4.481618499356244,4.145518100789011,4.61326998856076,True
GAUGG_ACUAAG,7,G,1,A,1.0342581935780002,0.8491282774392502,1.2510439689146997,4.473836296745233,4.134238476438632,4.621205189698842,True
GAUGG_CAUAAG,7,G,2,A,1.0373055259340005,0.8620903576431003,1.2492763611459508,4.481618499356244,4.145518100789011,4.61326998856076,True
GAUGG_CCAAAG,7,G,3,A,0.34861857241125027,0.105862853005313,0.6512752855585003,3.833189473194431,3.6833526237442467,4.044646213097228,True
GAUGG_CCCAAG,7,G,3,C,-0.05647908884125019,-0.2911046567569377,0.22476624409162546,3.433993424445554,3.2772442858670168,3.6030966730442526,False
GAUGG_CCGAAG,7,G,3,G,0.35814610588800005,0.15452436351745039,0.5935236300522504,3.7924149414197394,3.4479344065586637,3.9744648346042104,True
GAUGG_CCUAAA,7,G,6,A,0.09389677311750011,-0.26912543784237475,0.4769009386961876,3.5788157394252678,3.271989546331177,3.8999929823276505,False
GAUGG_CCUAAC,7,G,6,C,0.4416885002862502,0.17649735730587526,0.7404856904302503,3.9744850662409306,3.533285817958084,4.220110087103111,True
GAUGG_CCUAAU,7,G,6,U,-0.430995402631,-0.6576243608350496,-0.1808723692761002,2.9991796111714812,2.6464821760579182,3.2031395168425947,False
GAUGG_CCUACG,7,G,5,C,0.4025942078150001,0.17121291360469967,0.6513511151638496,3.831291090477034,3.4806973679285442,4.033763344904167,False
GAUGG_CCUAGG,7,G,5,G,0.20348996428999988,-0.06164103125431221,0.5047882594406871,3.690468463827475,3.4963601703994795,3.8962725046913658,False
GAUGG_CCUAUG,7,G,5,U,0.31509784858099976,0.003323646338450213,0.59249468477665,3.739119685622629,3.3339628880631107,3.985734977804581,False
GAUGG_CCUCAG,7,G,4,C,0.42851668404599985,0.2117590090991998,0.6719957389081497,3.8604365542078494,3.50687997977835,4.058727776387053,True
GAUGG_CCUGAG,7,G,4,G,0.6912808680320004,0.37202217776664986,0.9743141557335002,4.114907113244673,3.6926108233420276,4.363446703824526,False
GAUGG_CCUUAG,7,G,4,U,0.6044256668359997,0.3346616978103001,0.9051034599967498,4.027762381811948,3.6498976751926957,4.306429245073907,True
GAUGG_CGUAAG,7,G,2,G,0.9501106166120004,0.7138058226274505,1.2180405155418503,4.378941681924749,4.013002718818435,4.610999427421313,True
GAUGG_CUUAAG,7,G,2,U,1.0007238971160002,0.8084656701217003,1.2230971943546503,4.438415345971363,4.0976442723726585,4.596691083594,True
GAUGG_GCUAAG,7,G,1,G,0.33834228162299984,0.08403789880634975,0.6073068876193001,3.763231366001774,3.3858634681623867,3.9994638550521002,False
GAUGG_UCUAAG,7,G,1,U,0.8290667746969997,0.5827655756097004,1.0828655352657,4.256023993962748,3.89021859285523,4.466874468225391,True
GAUGU_CCUAAG,7,G,11,U,1.0373055259340005,0.8620903576431003,1.2492763611459508,4.481618499356244,4.145518100789011,4.61326998856076,True
GAUUG_CCUAAG,7,G,10,U,1.0373055259340005,0.8620903576431003,1.2492763611459508,4.481618499356244,4.145518100789011,4.61326998856076,True
GCUGG_CCUAAG,7,G,8,C,-0.4045881074619997,-0.6472408954554,-0.1307883458178997,3.022080615285605,2.651603174783089,3.2622663429651886,False
GGUGG_CCUAAG,7,G,8,G,0.5426530069237502,0.2891235427091249,0.8293086672279374,4.079950003965184,3.641378965231672,4.294261793080316,True
GUUGG_CCUAAG,7,G,8,U,0.049056447224999994,-0.2831286132327003,0.3811639487253999,3.464254857272615,3.0528224548477865,3.783791683966222,False
UAAAG_CCUAAG,9,A,10,A,1.0373055259340005,0.8620903576431003,1.2492763611459508,4.481618499356244,4.145518100789011,4.61326998856076,True
UAACG_CCUAAG,9,A,10,C,0.9217490304610001,0.7232681611680504,1.146912012615,4.357557070241941,4.01404226634149,4.524465025006763,True
UAAGA_CCUAAG,9,A,11,A,0.9899374839380004,0.71552598153035,1.2678902287913505,4.414092286201061,4.034405898249348,4.656229073562663,True
UAAGC_CCUAAG,9,A,11,C,1.0373055259340005,0.8620903576431003,1.2492763611459508,4.481618499356244,4.145518100789011,4.61326998856076,True
UAAGG_ACUAAG,9,A,1,A,1.0373055259340005,0.8620903576431003,1.2492763611459508,4.481618499356244,4.145518100789011,4.61326998856076,True
UAAGG_CAUAAG,9,A,2,A,1.0373055259340005,0.8620903576431003,1.2492763611459508,4.481618499356244,4.145518100789011,4.61326998856076,True
UAAGG_CCAAAG,9,A,3,A,0.9084153403280001,0.6975988661811999,1.1520595723992502,4.3384127249645585,3.9916469975512237,4.535614000484554,True
UAAGG_CCCAAG,9,A,3,C,0.648680487325,0.42949478064615026,0.8923372981694501,4.080723064774972,3.7209408588521815,4.275260404664561,True
UAAGG_CCGAAG,9,A,3,G,1.0373055259340005,0.8620903576431003,1.2492763611459508,4.481618499356244,4.145518100789011,4.61326998856076,True
UAAGG_CCUAAA,9,A,6,A,0.34743159062874995,-0.05485467735724981,0.7253657349024998,3.861152274802966,3.3591865632028415,4.220095012100221,False
UAAGG_CCUAAC,9,A,6,C,0.6691767303087498,0.2399729822913125,1.000064609994687,4.188587129948546,3.642973272774964,4.484940185297881,True
UAAGG_CCUAAU,9,A,6,U,0.4782824955883333,0.11930683063299984,0.8659165005079991,4.1256980685592275,3.8314534666477726,4.369590201477042,False
UAAGG_CCUACG,9,A,5,C,-0.01442584218874976,-0.27788095959931264,0.29193370644568734,3.4717789189434,3.293390689122478,3.69994272705118,False
UAAGG_CCUAGG,9,A,5,G,0.2864963809379999,0.0444302684215503,0.5497527857977504,3.7144664214479866,3.353755003626296,3.9440052206804355,True
UAAGG_CCUAUG,9,A,5,U,0.040820089504999824,-0.2751630551325,0.3995973124957503,3.5707273727285425,3.08826899757263,3.886015877140062,False
UAAGG_CCUCAG,9,A,4,C,0.3555190454060003,0.09156696782850031,0.6541036541238501,3.77782335424094,3.403114936222634,4.044355822566271,False
UAAGG_CCUGAG,9,A,4,G,0.498629463085,0.13523452953249993,0.9111072946356665,4.20282767440169,3.603032494684216,4.572590240635098,False
UAAGG_CCUUAG,9,A,4,U,-0.027993484166666843,-0.43735630707066686,0.3791464425996665,3.6323151659671833,3.272591465050753,3.8974774227314475,False
UAAGG_CGUAAG,9,A,2,G,1.0373055259340005,0.8620903576431003,1.2492763611459508,4.481618499356244,4.145518100789011,4.61326998856076,True
UAAGG_CUUAAG,9,A,2,U,1.0373055259340005,0.8620903576431003,1.2492763611459508,4.481618499356244,4.145518100789011,4.61326998856076,True
UAAGG_GCUAAG,9,A,1,G,0.43691427365799995,0.2112807992643005,0.6773150436089999,3.8693416853426426,3.517877851952574,4.057797543386962,True
UAAGG_UCUAAG,9,A,1,U,0.9531343086970001,0.7041185172719503,1.2061211359983501,4.382081044630338,4.0111048943577075,4.583953391575731,True
UAAGU_CCUAAG,9,A,11,U,0.9494151864150002,0.7443608355828504,1.19176838459215,4.384512091721353,4.037663083833515,4.569442488443804,True
UAAUG_CCUAAG,9,A,10,U,1.0373055259340005,0.8620903576431003,1.2492763611459508,4.481618499356244,4.145518100789011,4.61326998856076,True
UACAG_CCUAAG,9,C,10,A,0.9956752103612504,0.7718803518683757,1.2632736940188125,4.277339432434334,3.8463976307149994,4.45855289557474,True
UACCG_CCUAAG,9,C,10,C,1.0082745591100006,0.8138811839510499,1.2348559633142002,4.446302950727355,4.103006805499809,4.606714769112723,True
UACGA_CCUAAG,9,C,11,A,0.9779526573470001,0.7305535676890005,1.2394760992758507,4.403272530236958,4.036555040945988,4.632215862649013,True
UACGC_CCUAAG,9,C,11,C,1.0373055259340005,0.8620903576431003,1.2492763611459508,4.481618499356244,4.145518100789011,4.61326998856076,True
UACGG_ACUAAG,9,C,1,A,1.0373055259340005,0.8620903576431003,1.2492763611459508,4.481618499356244,4.145518100789011,4.61326998856076,True
UACGG_CAUAAG,9,C,2,A,1.0169274290150008,0.8107088434602002,1.2507217362764,4.451484538067124,4.1064962826386395,4.6306887048888,True
UACGG_CCAAAG,9,C,3,A,0.5317876814150004,0.24272097100625076,0.7922694419814996,3.89914435386467,3.651590483464965,4.126255960001718,True
UACGG_CCCAAG,9,C,3,C,0.4379797485090001,0.21891618662295032,0.6773498185906498,3.8682185721608713,3.517778076774007,4.064509692268236,True
UACGG_CCGAAG,9,C,3,G,0.44504167639333325,-0.13656848492858276,1.256393976375583,4.108216002682027,3.379740544501887,4.98291756188964,False
UACGG_CCUAAA,9,C,6,A,-0.16563193109333324,-0.5369914279118337,0.23533092492799956,3.4882007776589115,3.1927784044190597,3.777359020199089,False
UACGG_CCUAAC,9,C,6,C,0.6046139956080001,0.38671307330985016,0.8507083307756003,4.035967609709548,3.685252523217262,4.230303731413299,True
UACGG_CCUAAU,9,C,6,U,0.4848546219559998,0.1816209183712999,0.7691259081448502,3.908502920871095,3.499610865691002,4.158504997320815,True
UACGG_CCUACG,9,C,5,C,0.3762417427730004,0.14190441306205,0.63450794456505,3.8028913798918587,3.4434294630339757,4.024516068556006,False
UACGG_CCUAGG,9,C,5,G,0.42643622964625016,0.1604378087391252,0.7275143323996252,3.915331632800696,3.7301384066909518,4.113897358792282,True
UACGG_CCUAUG,9,C,5,U,0.6700759432430005,0.4598957143962501,0.9133051730482505,4.100307368409188,3.748227928509696,4.29740017589338,True
UACGG_CCUCAG,9,C,4,C,0.10039709467700025,-0.19578222139795043,0.38189001308639997,3.524363134314501,3.131065103400527,3.775200174175962,False
UACGG_CCUGAG,9,C,4,G,0.2996441668029998,-0.0021435715071998003,0.5734869409424,3.722993855131148,3.323427356771622,3.9685581335362,False
UACGG_CCUUAG,9,C,4,U,0.6076748285920002,0.36959302103310016,0.8700245090844999,4.034227112749157,3.668455265935102,4.261918656094637,True
UACGG_CGUAAG,9,C,2,G,0.942356420394,0.7256442809665001,1.18535014480955,4.374056222957844,4.016255114625977,4.56170241726519,True
UACGG_CUUAAG,9,C,2,U,1.0373055259340005,0.8620903576431003,1.2492763611459508,4.481618499356244,4.145518100789011,4.61326998856076,True
UACGG_GCUAAG,9,C,1,G,0.6351853090030004,0.4111453662976998,0.8852785460436998,4.066421951456192,3.71546220807981,4.267149202611795,True
UACGG_UCUAAG,9,C,1,U,0.9212264115400001,0.7098016168197504,1.15549080138465,4.3546502693864895,4.005332403067566,4.530622557095579,True
UACGU_CCUAAG,9,C,11,U,0.8367479985987505,0.6142426498570007,1.1107902474364377,4.328952034287702,4.1999470697573855,4.472953383295237,True
UACUG_CCUAAG,9,C,10,U,0.9822754590190004,0.8049148204576503,1.1982906071834005,4.424731446324643,4.086312202684156,4.565844408571063,True
UAGAG_CCUAAG,9,G,10,A,0.796967255148,0.5789958855196,1.0364169367082996,4.227710244153272,3.8844546047922393,4.423570942240675,True
UAGCG_CCUAAG,9,G,10,C,0.6729939445100002,0.45716653665600004,0.9114847496471004,4.105826281319654,3.751165253449988,4.291431631623948,True
UAGGA_CCUAAG,9,G,11,A,0.7569968760750004,0.5427875909914001,1.0036945180773,4.18658717638631,3.841173417624144,4.3849148265325155,True
UAGGC_CCUAAG,9,G,11,C,0.8480143141962504,0.6353239767196875,1.1129521083421878,4.3396749901358795,4.2231508366614925,4.4727673860647466,True
UAGGG_ACUAAG,9,G,1,A,0.9230803660400002,0.7364215637247501,1.1474196786529003,4.363240232209071,4.020332014812873,4.518795482220978,True
UAGGG_CAUAAG,9,G,2,A,1.0373055259340005,0.8620903576431003,1.2492763611459508,4.481618499356244,4.145518100789011,4.61326998856076,True
UAGGG_CCAAAG,9,G,3,A,0.3181620797674998,-0.04330362940337455,0.6911979114553752,3.42240847746279,2.566530398934433,3.859608930802534,False
UAGGG_CCCAAG,9,G,3,C,-0.27715768604250024,-0.7051864359086251,0.262672784983,3.6927204609325486,3.3827725769840002,4.007600594765918,False
UAGGG_CCGAAG,9,G,3,G,0.6796008821820003,0.4431792188130505,0.9371980933527495,4.111107368018059,3.750914954975282,4.323555204576051,True
UAGGG_CCUAAA,9,G,6,A,0.35131739246749993,0.0577039194663129,0.6799374160115624,3.839789653096548,3.6046501850653434,4.0875669622945985,False
UAGGG_CCUAAC,9,G,6,C,0.7141921029987507,0.4269624005321877,1.0590588419751878,4.249546023577711,3.8016727198332108,4.549638910627767,True
UAGGG_CCUAAU,9,G,6,U,0.5838194119650002,0.3281907843393335,0.9248201889628334,4.233224715451184,4.0871907310804945,4.39888246824948,True
UAGGG_CCUACG,9,G,5,C,0.29015505978800005,0.04221438373614971,0.5565475346077495,3.717352689951998,3.3490193898177147,3.946257953683126,False
UAGGG_CCUAGG,9,G,5,G,0.591794148607,0.3681687401554006,0.8448299279177,4.022740152416042,3.660390500637019,4.23527888348552,True
UAGGG_CCUAUG,9,G,5,U,0.6589653485840001,0.43709425342589975,0.9070099614285497,4.090321705094707,3.733596536914799,4.28905758936351,True
UAGGG_CCUCAG,9,G,4,C,0.28299771279,-0.0026104822746001602,0.58075726163775,3.7023229745270543,3.315675027988387,3.976458790688192,False
UAGGG_CCUGAG,9,G,4,G,0.7642435849930003,0.4799028031126997,1.0555387720734504,4.18600728754826,3.793455703319996,4.453350651179476,True
UAGGG_CCUUAG,9,G,4,U,0.6290005579130002,0.37079065758389973,0.8995439250152003,4.052798174717221,3.679683026396072,4.2971627000107135,True
UAGGG_CGUAAG,9,G,2,G,1.0247338628190004,0.8368038229761501,1.24441820700695,4.464740385823665,4.126836166579807,4.614752917270828,True
UAGGG_CUUAAG,9,G,2,U,1.0373055259340005,0.8620903576431003,1.2492763611459508,4.481618499356244,4.145518100789011,4.61326998856076,True
UAGGG_GCUAAG,9,G,1,G,0.5410627998340002,0.3340780807015001,0.7767625998860005,3.974545657023144,3.6250194132186193,4.155719588969631,True
UAGGG_UCUAAG,9,G,1,U,0.9035130191650003,0.67544323259225,1.15024291678365,4.331935938377284,3.971077770514202,4.53269205004584,True
UAGGU_CCUAAG,9,G,11,U,0.9762538642130004,0.7939060134331501,1.19518537628655,4.417843570326658,4.075633051232453,4.562160111838872,True
UAGUG_CCUAAG,9,G,10,U,0.46157522283399977,0.22238940566669993,0.71370321616455,3.8874785573324457,3.5301214663067793,4.1024898970292565,False
UAUAA_CCUAAG,10,A,11,A,0.8861948434670002,0.5932268491870502,1.16841723406515,4.304872662925245,3.9251432640677324,4.559125796791438,True
UAUAC_CCUAAG,10,A,11,C,1.0159870293010003,0.8324542353117503,1.23319589388855,4.456205933595509,4.1153631061570435,4.603963148510996,True
UAUAG_ACUAAG,10,A,1,A,1.0373055259340005,0.8620903576431003,1.2492763611459508,4.481618499356244,4.145518100789011,4.61326998856076,True
UAUAG_CAUAAG,10,A,2,A,1.0373055259340005,0.8620903576431003,1.2492763611459508,4.481618499356244,4.145518100789011,4.61326998856076,True
UAUAG_CCAAAG,10,A,3,A,0.9190377648540002,0.6049089958947503,1.2708300721623,4.33530497937675,3.92698021613704,4.680379527916059,True
UAUAG_CCCAAG,10,A,3,C,1.0373055259340005,0.8620903576431003,1.2492763611459508,4.481618499356244,4.145518100789011,4.61326998856076,True
UAUAG_CCGAAG,10,A,3,G,1.0373055259340005,0.8620903576431003,1.2492763611459508,4.481618499356244,4.145518100789011,4.61326998856076,True
UAUAG_CCUAAA,10,A,6,A,0.9399415999390002,0.6955052982888502,1.1929827967456001,4.368097801715955,4.001536794219854,4.573442266488139,True
UAUAG_CCUAAC,10,A,6,C,1.024294857158,0.8182097501653004,1.2608402005603503,4.459404254421511,4.112658330612169,4.63920678448291,True
UAUAG_CCUAAU,10,A,6,U,0.8562399089490003,0.6503471617915502,1.0939067989655502,4.291082370319883,3.943065356290183,4.470331377747889,True
UAUAG_CCUACG,10,A,5,C,0.8924186168950001,0.6438619970448751,1.1863968293510625,4.435343168872437,4.007182996054671,4.664428452288052,True
UAUAG_CCUAGG,10,A,5,G,1.0619657041512502,0.8338188747019376,1.3399368891641878,4.60329232421835,4.178868421231141,4.803285941008664,True
UAUAG_CCUAUG,10,A,5,U,0.7290742213337501,0.4641849483448757,1.0261650247801881,4.217682493042904,4.026936766053382,4.415513164442091,True
UAUAG_CCUCAG,10,A,4,C,1.0159427679060005,0.8246863404560002,1.2393546345479498,4.456079161649656,4.114105521878154,4.609978308588181,True
UAUAG_CCUGAG,10,A,4,G,1.0373055259340005,0.8620903576431003,1.2492763611459508,4.481618499356244,4.145518100789011,4.61326998856076,True
UAUAG_CCUUAG,10,A,4,U,0.8632368757060005,0.6112625733029,1.1356371648722505,4.287772093927096,3.911653528294834,4.5248140615918695,True
UAUAG_CGUAAG,10,A,2,G,0.8415850776212501,0.6024141640149383,1.1179546309977502,4.389781354216778,3.9597719723798277,4.591591108537859,True
UAUAG_CUUAAG,10,A,2,U,0.965290890877,0.7790554094280006,1.1867608674802503,4.4053118681223005,4.062245698653172,4.559101584164702,True
UAUAG_GCUAAG,10,A,1,G,0.7386548669710001,0.49235388581404976,1.0051633261332502,4.1661074185193465,3.8061789949138074,4.395745077872053,False
UAUAG_UCUAAG,10,A,1,U,0.687773827767,0.4913999957626497,0.9179839673986001,4.12465216803135,3.777569990616492,4.292845016128306,True
UAUAU_CCUAAG,10,A,11,U,1.0182557030830006,0.7149026171978504,1.2822963937243503,4.4411212289729605,4.028927740230342,4.669589127937422,True
UAUCA_CCUAAG,10,C,11,A,0.860327641986,0.6623971353962502,1.09437703280485,4.2979454426330985,3.952499057356964,4.474659264940415,True
UAUCC_CCUAAG,10,C,11,C,1.0373055259340005,0.8620903576431003,1.2492763611459508,4.481618499356244,4.145518100789011,4.61326998856076,True
UAUCG_ACUAAG,10,C,1,A,1.0086762839160004,0.7961313959263502,1.2426518642960502,4.442316075775688,4.092502239076433,4.620645407385393,True
UAUCG_CAUAAG,10,C,2,A,1.0373055259340005,0.8620903576431003,1.2492763611459508,4.481618499356244,4.145518100789011,4.61326998856076,True
UAUCG_CCAAAG,10,C,3,A,1.0373055259340005,0.8620903576431003,1.2492763611459508,4.481618499356244,4.145518100789011,4.61326998856076,True
UAUCG_CCCAAG,10,C,3,C,1.0373055259340005,0.8620903576431003,1.2492763611459508,4.481618499356244,4.145518100789011,4.61326998856076,True
UAUCG_CCGAAG,10,C,3,G,1.0373055259340005,0.8620903576431003,1.2492763611459508,4.481618499356244,4.145518100789011,4.61326998856076,True
UAUCG_CCUAAA,10,C,6,A,1.0373055259340005,0.8620903576431003,1.2492763611459508,4.481618499356244,4.145518100789011,4.61326998856076,True
UAUCG_CCUAAC,10,C,6,C,1.0373055259340005,0.8620903576431003,1.2492763611459508,4.481618499356244,4.145518100789011,4.61326998856076,True
UAUCG_CCUAAU,10,C,6,U,0.8473802706890003,0.5314393359805502,1.1616679133501002,4.266016061618005,3.8581336401674826,4.561795923425068,True
UAUCG_CCUACG,10,C,5,C,1.0373055259340005,0.8620903576431003,1.2492763611459508,4.481618499356244,4.145518100789011,4.61326998856076,True
UAUCG_CCUAGG,10,C,5,G,1.0373055259340005,0.8620903576431003,1.2492763611459508,4.481618499356244,4.145518100789011,4.61326998856076,True
UAUCG_CCUAUG,10,C,5,U,1.0373055259340005,0.8620903576431003,1.2492763611459508,4.481618499356244,4.145518100789011,4.61326998856076,True
UAUCG_CCUCAG,10,C,4,C,1.0373055259340005,0.8620903576431003,1.2492763611459508,4.481618499356244,4.145518100789011,4.61326998856076,True
UAUCG_CCUGAG,10,C,4,G,0.9940784841240001,0.7883716861514007,1.2301331606512504,4.429338074922029,4.081032083046602,4.605730345596701,True
UAUCG_CCUUAG,10,C,4,U,1.0373055259340005,0.8620903576431003,1.2492763611459508,4.481618499356244,4.145518100789011,4.61326998856076,True
UAUCG_CGUAAG,10,C,2,G,0.9849387000020001,0.7724413981096,1.2221677354278004,4.418687471828132,4.067844237971768,4.601556094356372,True
UAUCG_CUUAAG,10,C,2,U,1.0373055259340005,0.8620903576431003,1.2492763611459508,4.481618499356244,4.145518100789011,4.61326998856076,True
UAUCG_GCUAAG,10,C,1,G,1.023653440087,0.8399511519890503,1.2396795593697,4.465143400081249,4.127133546893279,4.612267929466526,True
UAUCG_UCUAAG,10,C,1,U,0.9207391919879999,0.7047545441304502,1.15959839205825,4.352595990582394,4.004267933474264,4.535379651391124,True
UAUCU_CCUAAG,10,C,11,U,0.9984855927860001,0.8110939058933002,1.2241347961693,4.438455014518695,4.099292736688695,4.592612041692356,True
UAUGA_ACUAAG,11,A,1,A,0.8762977468110004,0.6844655144997005,1.0964563924894004,4.3146755764465485,3.975917461872796,4.469467893494509,True
UAUGA_CAUAAG,11,A,2,A,1.0373055259340005,0.8620903576431003,1.2492763611459508,4.481618499356244,4.145518100789011,4.61326998856076,True
UAUGA_CCAAAG,11,A,3,A,1.0373055259340005,0.8620903576431003,1.2492763611459508,4.481618499356244,4.145518100789011,4.61326998856076,True
UAUGA_CCCAAG,11,A,3,C,1.0373055259340005,0.8620903576431003,1.2492763611459508,4.481618499356244,4.145518100789011,4.61326998856076,True
UAUGA_CCGAAG,11,A,3,G,1.0373055259340005,0.8620903576431003,1.2492763611459508,4.481618499356244,4.145518100789011,4.61326998856076,True
UAUGA_CCUAAA,11,A,6,A,0.75141770927,0.5228172442412996,0.9982170463178001,4.180390604303884,3.8227278652000996,4.3879760149183635,True
UAUGA_CCUAAC,11,A,6,C,1.0038073583430003,0.7862987689118005,1.2549869414066501,4.433948829718133,4.08301196946781,4.6411063151947785,True
UAUGA_CCUAAU,11,A,6,U,0.683298162075,0.4343791672783502,0.9542470507084998,4.110514504966706,3.746275745491834,4.3439500764725665,True
UAUGA_CCUACG,11,A,5,C,0.9797161023400003,0.7540365393842504,1.2301513905759507,4.410505734473553,4.053687864621301,4.608628010191258,True
UAUGA_CCUAGG,11,A,5,G,1.0373055259340005,0.8620903576431003,1.2492763611459508,4.481618499356244,4.145518100789011,4.61326998856076,True
UAUGA_CCUAUG,11,A,5,U,1.0063323808260005,0.5906361705629002,1.2605724382477506,4.434590142094287,3.955905077188573,4.6432751120058064,True
UAUGA_CCUCAG,11,A,4,C,1.0373055259340005,0.8620903576431003,1.2492763611459508,4.481618499356244,4.145518100789011,4.61326998856076,True
UAUGA_CCUGAG,11,A,4,G,0.8322056427360003,0.6086270122724504,1.0839675418108001,4.262316720019518,3.9018010895674187,4.477422151373074,True
UAUGA_CCUUAG,11,A,4,U,0.9023498276979998,0.6874615396309505,1.1435106888376998,4.334038048195552,3.9827097681330406,4.5298210876688305,True
UAUGA_CGUAAG,11,A,2,G,1.0299938830980002,0.7911922568946,1.2723929155285,4.462468323504599,4.100199338004786,4.651215754546243,True
UAUGA_CUUAAG,11,A,2,U,1.0373055259340005,0.8620903576431003,1.2492763611459508,4.481618499356244,4.145518100789011,4.61326998856076,True
UAUGA_GCUAAG,11,A,1,G,1.0373055259340005,0.8620903576431003,1.2492763611459508,4.481618499356244,4.145518100789011,4.61326998856076,True
UAUGA_UCUAAG,11,A,1,U,0.5494372216375002,0.29707087460412507,0.8359585602279377,4.038677171304259,3.866912193687142,4.220952894305843,True
UAUGC_ACUAAG,11,C,1,A,1.0373055259340005,0.8620903576431003,1.2492763611459508,4.481618499356244,4.145518100789011,4.61326998856076,True
UAUGC_CAUAAG,11,C,2,A,1.0373055259340005,0.8620903576431003,1.2492763611459508,4.481618499356244,4.145518100789011,4.61326998856076,True
UAUGC_CCAAAG,11,C,3,A,1.1139458855700006,0.9187956700286255,1.37282725576975,4.66547107064072,4.246841990747301,4.816690928888088,True
UAUGC_CCCAAG,11,C,3,C,1.0373055259340005,0.8620903576431003,1.2492763611459508,4.481618499356244,4.145518100789011,4.61326998856076,True
UAUGC_CCGAAG,11,C,3,G,1.1552194774337503,0.9981427117455001,1.3101854346681874,4.496064371889717,4.079562429532759,4.636848806664712,True
UAUGC_CCUAAA,11,C,6,A,0.9245128971150003,0.7148281760278999,1.16336636014205,4.3590302815017,4.009326419204855,4.548624869028624,True
UAUGC_CCUAAC,11,C,6,C,1.0373055259340005,0.8620903576431003,1.2492763611459508,4.481618499356244,4.145518100789011,4.61326998856076,True
UAUGC_CCUAAU,11,C,6,U,0.8173498556379999,0.5493313006729001,1.1038463198448998,4.244141027726659,3.853322548841512,4.489981361309938,True
UAUGC_CCUACG,11,C,5,C,0.9435571796150002,0.7370055239743001,1.186730425438,4.377505500896254,4.023769516498717,4.562650319990363,True
UAUGC_CCUAGG,11,C,5,G,0.9856487685700003,0.7912680809727504,1.2104669881490502,4.422081028541744,4.08342469730125,4.586393936953288,True
UAUGC_CCUAUG,11,C,5,U,1.0177196846080006,0.8297978532408504,1.2414074717007504,4.456854441754302,4.118565743439865,4.613499118454825,True
UAUGC_CCUCAG,11,C,4,C,0.9639708898610004,0.7677844872215503,1.1972090977612004,4.401729573476098,4.060814016497906,4.568048003399815,True
UAUGC_CCUGAG,11,C,4,G,1.0373055259340005,0.8620903576431003,1.2492763611459508,4.481618499356244,4.145518100789011,4.61326998856076,True
UAUGC_CCUUAG,11,C,4,U,0.9752388458460002,0.7851784672564002,1.1968976912320006,4.415149591830479,4.0740675819551235,4.569303662842354,True
UAUGC_CGUAAG,11,C,2,G,1.0377995812090006,0.8354916534273505,1.2678849304703503,4.470770357337605,4.133808016084905,4.650354681711397,True
UAUGC_CUUAAG,11,C,2,U,1.0373055259340005,0.8620903576431003,1.2492763611459508,4.481618499356244,4.145518100789011,4.61326998856076,True
UAUGC_GCUAAG,11,C,1,G,0.7051162833700001,0.43458140791375044,1.0061921367803752,4.194315626448208,3.9991087999785666,4.393307738183972,True
UAUGC_UCUAAG,11,C,1,U,1.0373055259340005,0.8620903576431003,1.2492763611459508,4.481618499356244,4.145518100789011,4.61326998856076,True
UAUGG_AAUAAG,1,A,2,A,1.0373055259340005,0.8620903576431003,1.2492763611459508,4.481618499356244,4.145518100789011,4.61326998856076,True
UAUGG_ACAAAG,1,A,3,A,1.0373055259340005,0.8620903576431003,1.2492763611459508,4.481618499356244,4.145518100789011,4.61326998856076,True
UAUGG_ACCAAG,1,A,3,C,0.13629750214300013,-0.1369708117018998,0.4175462891447001,3.556253632980174,3.180093413089102,3.8070986888944764,False
UAUGG_ACGAAG,1,A,3,G,1.0373055259340005,0.8620903576431003,1.2492763611459508,4.481618499356244,4.145518100789011,4.61326998856076,True
UAUGG_ACUAAA,1,A,6,A,0.9426054387220003,0.6748002986284501,1.2158487695082003,4.36448186751549,3.986093441226953,4.614154190426942,True
UAUGG_ACUAAC,1,A,6,C,1.0373055259340005,0.8620903576431003,1.2492763611459508,4.481618499356244,4.145518100789011,4.61326998856076,True
UAUGG_ACUAAU,1,A,6,U,1.0373055259340005,0.8620903576431003,1.2492763611459508,4.481618499356244,4.145518100789011,4.61326998856076,True
UAUGG_ACUACG,1,A,5,C,0.9963460929600003,0.8034265368305005,1.2164134515257004,4.433102831823421,4.094039472184899,4.590310529379983,True
UAUGG_ACUAGG,1,A,5,G,1.0373055259340005,0.8620903576431003,1.2492763611459508,4.481618499356244,4.145518100789011,4.61326998856076,True
UAUGG_ACUAUG,1,A,5,U,1.0373055259340005,0.8620903576431003,1.2492763611459508,4.481618499356244,4.145518100789011,4.61326998856076,True
UAUGG_ACUCAG,1,A,4,C,1.0373055259340005,0.8620903576431003,1.2492763611459508,4.481618499356244,4.145518100789011,4.61326998856076,True
UAUGG_ACUGAG,1,A,4,G,1.0373055259340005,0.8620903576431003,1.2492763611459508,4.481618499356244,4.145518100789011,4.61326998856076,True
UAUGG_ACUUAG,1,A,4,U,1.0291733175290003,0.7459109264016001,1.2789687492851003,4.458951138977728,4.0708714435807005,4.663577968750429,True
UAUGG_AGUAAG,1,A,2,G,1.0373055259340005,0.8620903576431003,1.2492763611459508,4.481618499356244,4.145518100789011,4.61326998856076,True
UAUGG_AUUAAG,1,A,2,U,1.0373055259340005,0.8620903576431003,1.2492763611459508,4.481618499356244,4.145518100789011,4.61326998856076,True
UAUGG_CAAAAG,2,A,3,A,0.9500222595250003,0.7494754499341,1.1809717954149503,4.384867314092553,4.039197298563505,4.559511697919104,True
UAUGG_CACAAG,2,A,3,C,1.0031645578550001,0.8045718603919505,1.2379997976041501,4.441441127499216,4.0951062010314665,4.609622308822319,True
UAUGG_CAGAAG,2,A,3,G,0.8005976354600004,0.5709610847349504,1.08779499664715,4.230374391081824,3.872448553353866,4.479508348452256,True
UAUGG_CAUAAA,2,A,6,A,0.9774318766020001,0.7683450968022003,1.2090490002423,4.410290227282841,4.062510990732415,4.592464238394224,True
UAUGG_CAUAAC,2,A,6,C,1.0373055259340005,0.8620903576431003,1.2492763611459508,4.481618499356244,4.145518100789011,4.61326998856076,True
UAUGG_CAUAAU,2,A,6,U,1.0373055259340005,0.8620903576431003,1.2492763611459508,4.481618499356244,4.145518100789011,4.61326998856076,True
UAUGG_CAUACG,2,A,5,C,1.0373055259340005,0.8620903576431003,1.2492763611459508,4.481618499356244,4.145518100789011,4.61326998856076,True
UAUGG_CAUAGG,2,A,5,G,1.0084602094490003,0.8164057257568502,1.23551593449545,4.445111108692278,4.102905027109012,4.608371058760439,True
UAUGG_CAUAUG,2,A,5,U,1.0373055259340005,0.8620903576431003,1.2492763611459508,4.481618499356244,4.145518100789011,4.61326998856076,True
UAUGG_CAUCAG,2,A,4,C,1.0373055259340005,0.8620903576431003,1.2492763611459508,4.481618499356244,4.145518100789011,4.61326998856076,True
UAUGG_CAUGAG,2,A,4,G,0.9436860972990001,0.6709122552347001,1.2445931397611,4.365109359019996,3.9819546873313794,4.655775806924055,True
UAUGG_CAUUAG,2,A,4,U,1.0373055259340005,0.8620903576431003,1.2492763611459508,4.481618499356244,4.145518100789011,4.61326998856076,True
UAUGG_CCAAAA,3,A,6,A,0.3539627631833331,0.09576299894466701,0.6172727036958335,3.7175549705888873,3.5109084567832993,3.955588617345932,True
UAUGG_CCAAAC,3,A,6,C,0.6096109335737503,0.33530659898800014,0.9018515167608755,4.15221519100174,3.708032063855385,4.37542098037712,True
UAUGG_CCAAAU,3,A,6,U,0.4432835495866664,0.21058933167316704,0.6706437859234166,3.875562583104641,3.313350381364302,4.121345279340259,True
UAUGG_CCAACG,3,A,5,C,0.4555379410720002,0.25273969510149996,0.6894123542975497,3.8891321657230176,3.5413592002113408,4.067778381846138,True
UAUGG_CCAAGG,3,A,5,G,0.4629628422220001,0.25352297707875004,0.7035744359806001,3.8962864876250163,3.5447989209480526,4.0852725285182965,True
UAUGG_CCAAUG,3,A,5,U,0.895940745025,0.6749533505838126,1.1662416036398753,4.439836834935334,4.016278478481233,4.624058107488649,True
UAUGG_CCACAG,3,A,4,C,0.29877439164700015,0.003792540364450113,0.6045177655030999,3.718544175142801,3.3242192919369735,4.00916059359969,True
UAUGG_CCAGAG,3,A,4,G,0.8526287480562501,0.6093406570371251,1.1445373087258126,4.389758893902405,3.9584735726985696,4.6174888158056255,True
UAUGG_CCAUAG,3,A,4,U,0.5805838121662505,0.3145954134931251,0.8871777554069376,4.114256432925739,3.669409352851065,4.352140318655705,True
UAUGG_CCCAAA,3,C,6,A,0.5038296267250001,0.21846142190024992,0.8083878849728748,3.9943671510738334,3.777794373371439,4.202687943565741,True
UAUGG_CCCAAC,3,C,6,C,0.5465741691700003,0.30194727746515027,0.8218879485429498,3.9734532156815137,3.609965245412199,4.220150668868855,True
UAUGG_CCCAAU,3,C,6,U,-0.035119985248000155,-0.37121418720349997,0.24920784549145034,3.3882107490713596,2.9473762019364855,3.63968970432602,False
UAUGG_CCCACG,3,C,5,C,0.19081729592900007,-0.05234733444759985,0.44759225655220014,3.6189851501347263,3.2584533242569607,3.842591231182399,False
UAUGG_CCCAGG,3,C,5,G,0.4869385774940003,0.2727527369987502,0.7241123519964002,3.9184994406059563,3.5659851517655516,4.11150184157999,True
UAUGG_CCCAUG,3,C,5,U,0.02734853076199988,-0.2109890821264998,0.28273485509749957,3.455810045714276,3.09805493173801,3.663513192562804,False
UAUGG_CCCCAG,3,C,4,C,0.5954193364660003,0.3797709103707506,0.8363735111933001,4.027936673274747,3.678996001060125,4.218382824159956,True
UAUGG_CCCGAG,3,C,4,G,0.5369590980940002,0.3197175040865005,0.7750075658377501,3.967764321249036,3.6209647109974368,4.157898556663681,True
UAUGG_CCCUAG,3,C,4,U,0.4489690780483335,0.05295795068166668,0.9198409808009166,4.095041110827504,3.7863815752502794,4.480844436740963,False
UAUGG_CCGAAA,3,G,6,A,0.43996789988300034,0.15580025708859974,0.7306693111739999,3.8626912886663924,3.4929832664227805,4.121043391822883,False
UAUGG_CCGAAC,3,G,6,C,0.6487716655690001,0.40595537284359995,0.9233111502529001,4.07579282752268,3.7129940404368655,4.316375947761822,True
UAUGG_CCGAAU,3,G,6,U,0.18507917730875034,-0.22362287309793766,0.5252522485193123,3.6733030624071743,3.3077038382983903,3.9323244192042304,False
UAUGG_CCGACG,3,G,5,C,0.3487775634990002,0.1347841729768495,0.5889094269739502,3.7821165107581276,3.430024258577475,3.9752980399004936,True
UAUGG_CCGAGG,3,G,5,G,0.7015778249719999,0.48696973089825013,0.94345215105085,4.132301906274352,3.772004638108956,4.328669628843716,True
UAUGG_CCGAUG,3,G,5,U,0.3682236373169997,0.11415343582894977,0.6470886098148996,3.79396046834151,3.4217811308348836,4.038525063707525,False
UAUGG_CCGCAG,3,G,4,C,0.27711753381199955,-0.023462380286800096,0.5712705739149,3.6951605210410126,3.2882096785414454,3.9693103094246553,False
UAUGG_CCGGAG,3,G,4,G,0.5953697062190002,0.3510734742353501,0.8595155422886004,4.023376000391185,3.6545426022820333,4.244872708712822,True
UAUGG_CCGUAG,3,G,4,U,0.752158064436,0.4899151273972498,1.0376395375070495,4.172697377988978,3.8033787242261856,4.433211835698336,True
UAUGG_CCUACA,5,C,6,A,0.28887878351999974,0.037376734036562664,0.5272398947725002,3.6102426851965097,3.1585595045309867,3.867179490553426,False
UAUGG_CCUACC,5,C,6,C,0.6403968214480003,0.4082348901756501,0.8912837216989996,4.0657585568137975,3.70884063669957,4.281790639540334,True
UAUGG_CCUACU,5,C,6,U,0.5752907800775001,0.30076970979924994,0.8720179950228754,4.0612915725592345,3.858675704416804,4.269827101344042,True
UAUGG_CCUAGA,5,G,6,A,0.3140660682169999,-0.01705586847629998,0.6515993691831499,3.7324130492731262,3.313069495939742,4.060029190686295,False
UAUGG_CCUAGC,5,G,6,C,0.8623543466087502,0.627617956355,1.1375646726179376,4.401317860787696,3.9718547247333977,4.600544817232413,True
UAUGG_CCUAGU,5,G,6,U,0.50338788121125,0.10462961623662517,0.8168747162478128,3.8135828171654302,3.2927798851182812,4.146115228078516,True
UAUGG_CCUAUA,5,U,6,A,0.1920156859633333,-0.1845168133307499,0.6190587967789166,3.833198774601592,3.523390789627566,4.148303864356404,False
UAUGG_CCUAUC,5,U,6,C,0.5576079694262498,0.3097937269061875,0.8097533144031249,3.880430976570357,3.4333354679020163,4.146560543012015,False
UAUGG_CCUAUU,5,U,6,U,0.41627251488374994,0.14774313086981244,0.7294354351885622,3.9446951336067064,3.496490597949654,4.21580893604462,True
UAUGG_CCUCAA,4,C,6,A,0.31180639767375007,0.06405175293337535,0.6065844026598747,3.8003615285846317,3.6329292374672226,3.983383730706514,True
UAUGG_CCUCAC,4,C,6,C,0.3935076900737503,-0.006828781607562582,0.7664787489209375,3.921712765221664,3.4131263110358514,4.275457532261576,False
UAUGG_CCUCAU,4,C,6,U,0.24374637082799966,-0.045064582804799476,0.5409824965513497,3.663669044331904,3.283372698473192,3.9410532437115293,False
UAUGG_CCUCCG,4,C,5,C,0.38610634844000014,0.14127002188981216,0.6830430972110624,3.9223245902021984,3.485153030499599,4.149559486266359,False
UAUGG_CCUCGG,4,C,5,G,0.37078211737400013,0.1624924789897,0.6081489807844499,3.8048572614238116,3.450284440621188,3.9861178255996106,True
UAUGG_CCUCUG,4,C,5,U,0.21742237375599993,0.008180688284250077,0.45332225671864995,3.65137873619822,3.3055664972777694,3.8331124391162965,True
UAUGG_CCUGAA,4,G,6,A,0.37339276046500036,0.12197934869530024,0.6307713269191496,3.799670519041725,3.432828993938659,4.021153741652676,False
UAUGG_CCUGAC,4,G,6,C,0.662509506678,0.4342208235779501,0.9114420163978004,4.089789681212812,3.73226710708376,4.29805609998809,True
UAUGG_CCUGAU,4,G,6,U,0.4519178744975001,0.20121589420206237,0.7444838314779374,3.9866411260819348,3.548230387663206,4.22173065767842,True
UAUGG_CCUGCG,4,G,5,C,0.31329148510400007,0.06377491427779977,0.5719180809615995,3.7386982907765836,3.3821014551809796,3.9624424021059763,False
UAUGG_CCUGGG,4,G,5,G,0.13304668243250017,-0.16638374732137504,0.4183322780993127,3.4497774590964077,2.9750816283349697,3.749428766831093,False
UAUGG_CCUGUG,4,G,5,U,0.11243798907600003,-0.1788845967205,0.3910698243254,3.533894646639483,3.1290970619461724,3.7841788945304033,False
UAUGG_CCUUAA,4,U,6,A,0.6426889420324998,0.26506449718299985,0.9958154391720625,4.163264363333681,3.6651745219147736,4.475753454713096,False
UAUGG_CCUUAC,4,U,6,C,0.4643359298270001,0.21867126390899957,0.7282710867766999,3.891013308570295,3.5269128145029978,4.119208767457865,False
UAUGG_CCUUAU,4,U,6,U,0.19199921345166643,-0.2378813786350008,0.6139135554368337,3.8353908260896574,3.46185614987491,4.1420977126420775,False
UAUGG_CCUUCG,4,U,5,C,0.544071879428,0.29789446873800024,0.8149153974187998,3.96860551199095,3.6019960664655737,4.202302599070992,False
UAUGG_CCUUGG,4,U,5,G,0.6927128365310001,0.47844719992405016,0.9354320882472499,4.123317037831226,3.7785839466842894,4.315378215146394,True
UAUGG_CCUUUG,4,U,5,U,0.7636019634910001,0.5374852749672,1.0127438812465503,4.194442672876754,3.8403441367392226,4.395205426690091,True
UAUGG_CGAAAG,2,G,3,A,1.0373055259340005,0.8620903576431003,1.2492763611459508,4.481618499356244,4.145518100789011,4.61326998856076,True
UAUGG_CGCAAG,2,G,3,C,0.9789175981680003,0.7554023393810999,1.2341478896885005,4.408348495561743,4.052371376270058,4.61877532436418,True
UAUGG_CGGAAG,2,G,3,G,1.0373055259340005,0.8620903576431003,1.2492763611459508,4.481618499356244,4.145518100789011,4.61326998856076,True
UAUGG_CGUAAA,2,G,6,A,1.0373055259340005,0.8620903576431003,1.2492763611459508,4.481618499356244,4.145518100789011,4.61326998856076,True
UAUGG_CGUAAC,2,G,6,C,1.0185065600420002,0.8181269867734001,1.2541502650271503,4.453500373035087,4.105849237811812,4.6329104610179535,True
UAUGG_CGUAAU,2,G,6,U,0.8796791860730002,0.6418870156092005,1.1351762811284996,4.3060534440883576,3.945473005659891,4.524131538999573,True
UAUGG_CGUACG,2,G,5,C,1.0373055259340005,0.8620903576431003,1.2492763611459508,4.481618499356244,4.145518100789011,4.61326998856076,True
UAUGG_CGUAGG,2,G,5,G,1.0373055259340005,0.8620903576431003,1.2492763611459508,4.481618499356244,4.145518100789011,4.61326998856076,True
UAUGG_CGUAUG,2,G,5,U,1.0373055259340005,0.8620903576431003,1.2492763611459508,4.481618499356244,4.145518100789011,4.61326998856076,True
UAUGG_CGUCAG,2,G,4,C,0.933195300458,0.6647361724241,1.22197542391525,4.351826211661107,3.980484983278732,4.618100696894723,True
UAUGG_CGUGAG,2,G,4,G,1.0387926253120003,0.8263936035250999,1.2793085635269998,4.471084492448066,4.1276193003904975,4.666792641136482,True
UAUGG_CGUUAG,2,G,4,U,1.0373055259340005,0.8620903576431003,1.2492763611459508,4.481618499356244,4.145518100789011,4.61326998856076,True
UAUGG_CUAAAG,2,U,3,A,1.0086258701720001,0.7999481232093502,1.2409855706957,4.441864105546184,4.09974157759191,4.618697347919944,True
UAUGG_CUCAAG,2,U,3,C,0.9906350596700002,0.7980554226577502,1.2202089336058504,4.429600669480116,4.088400131445484,4.590587213104947,True
UAUGG_CUGAAG,2,U,3,G,1.0373055259340005,0.8620903576431003,1.2492763611459508,4.481618499356244,4.145518100789011,4.61326998856076,True
UAUGG_CUUAAA,2,U,6,A,0.5948394496730001,0.3472987765461501,0.8618463302364995,4.025595619434121,3.654362934221765,4.252645395087747,True
UAUGG_CUUAAC,2,U,6,C,1.0373055259340005,0.8620903576431003,1.2492763611459508,4.481618499356244,4.145518100789011,4.61326998856076,True
UAUGG_CUUAAU,2,U,6,U,0.9212204694890003,0.7019455153928997,1.1635037390944,4.3521810756802815,3.9968383531430147,4.547190820793426,True
UAUGG_CUUACG,2,U,5,C,0.6444676362280002,0.4254860608485004,0.8882971985647998,4.074679954346864,3.7247853832730056,4.276520762114912,True
UAUGG_CUUAGG,2,U,5,G,0.84198033378,0.6425433831813001,1.0749098957098495,4.277391559576948,3.927966994710528,4.453964011866814,True
UAUGG_CUUAUG,2,U,5,U,0.9020091620830001,0.6833994580921001,1.1499421311654003,4.333038045689429,3.9765692425069123,4.541039731209532,True
UAUGG_CUUCAG,2,U,4,C,1.0373055259340005,0.8620903576431003,1.2492763611459508,4.481618499356244,4.145518100789011,4.61326998856076,True
UAUGG_CUUGAG,2,U,4,G,0.9931386495290002,0.7961398730984002,1.2240308418056003,4.429234121873371,4.085272278922892,4.610839487675651,True
UAUGG_CUUUAG,2,U,4,U,1.0373055259340005,0.8620903576431003,1.2492763611459508,4.481618499356244,4.145518100789011,4.61326998856076,True
UAUGG_GAUAAG,1,G,2,A,1.0030502864470003,0.7984658140761002,1.2387039281548502,4.436139114894049,4.079957491442661,4.621732567036755,True
UAUGG_GCAAAG,1,G,3,A,0.484079546994,0.2664994940140999,0.7285015793110503,3.917015633495165,3.5643686564708816,4.108657976266137,True
UAUGG_GCCAAG,1,G,3,C,0.047678983360000336,-0.18705250130454965,0.30601151913749947,3.474706830182641,3.1213576374740746,3.691941025915311,False
UAUGG_GCGAAG,1,G,3,G,0.5161640756070002,0.26407345734145066,0.7833185042911499,3.9440675354637404,3.5731740868298716,4.1717015364869265,True
UAUGG_GCUAAA,1,G,6,A,0.3316954675200002,0.0992176817838001,0.5851961994275998,3.7605869231624807,3.4055475021512196,3.9745247021911405,False
UAUGG_GCUAAC,1,G,6,C,0.45105443304700055,0.25123019139150016,0.6856636889816006,3.887561679611429,3.5432687926944504,4.060513441301099,True
UAUGG_GCUAAU,1,G,6,U,0.37660063634700025,0.13238326819715018,0.6424458254849498,3.8041686339229264,3.4377621642304192,4.023737700840445,False
UAUGG_GCUACG,1,G,5,C,0.663052127763,0.39833939344060004,0.94363902155665,4.088761140297054,3.7028516674604655,4.3390544766653045,False
UAUGG_GCUAGG,1,G,5,G,0.7809397518550002,0.54603240198735,1.0548107271328004,4.205506976102942,3.846131324357328,4.449559844023327,True
UAUGG_GCUAUG,1,G,5,U,1.0373055259340005,0.8620903576431003,1.2492763611459508,4.481618499356244,4.145518100789011,4.61326998856076,True
UAUGG_GCUCAG,1,G,4,C,1.0317113893410004,0.8286691829475002,1.2653896288066497,4.468338328865324,4.121174333981959,4.640302010276473,True
UAUGG_GCUGAG,1,G,4,G,0.5171655416510004,0.28363574921639995,0.7823004389600504,3.9475666684220174,3.5854369266112323,4.170019163100217,True
UAUGG_GCUUAG,1,G,4,U,0.5066590138919999,0.2888515600959005,0.7485642120358498,3.9377108544426798,3.585340774076364,4.1346429479928135,True
UAUGG_GGUAAG,1,G,2,G,0.797384366876,0.53046496998805,1.0965913297891499,4.220967142749659,3.8427709480628764,4.504578590137434,True
UAUGG_GUUAAG,1,G,2,U,1.0235140771380005,0.8358190031318502,1.2435776211068503,4.463362495847958,4.122064122764447,4.610399933024863,True
UAUGG_UAUAAG,1,U,2,A,0.9604842755360004,0.7519983885736002,1.1939972517004007,4.394804508534374,4.047843306416967,4.571275969661126,True
UAUGG_UCAAAG,1,U,3,A,0.9860855927120001,0.7435870309594002,1.2517614060488003,4.411144156351537,4.050599195103387,4.6369712781408206,True
UAUGG_UCCAAG,1,U,3,C,-0.27259825376400004,-0.4732547832105501,-0.041750941030750825,3.163928825549581,2.821551396239786,3.336521397914805,False
UAUGG_UCGAAG,1,U,3,G,0.9243529771540002,0.6974621937785501,1.1636286518210497,4.355809395909272,3.9976751465746143,4.546831980687733,True
UAUGG_UCUAAA,1,U,6,A,0.7802724495100001,0.5908745563534378,0.9657737873549371,4.11090546703366,3.684003061497678,4.304260682889234,True
UAUGG_UCUAAC,1,U,6,C,0.9836310115640001,0.7803653203932002,1.2157684011661007,4.41860386785082,4.070121692378501,4.59592371003971,True
UAUGG_UCUAAU,1,U,6,U,0.889911257516,0.5902766167794999,1.1740627554974001,4.312582950969586,3.9161907970803242,4.568860760371252,True
UAUGG_UCUACG,1,U,5,C,0.7587762493659999,0.5361031115722497,1.0083892443014,4.188423965444213,3.8367256384182364,4.392410129007836,False
UAUGG_UCUAGG,1,U,5,G,1.0125963688520003,0.8288255085941001,1.2305364371484002,4.4543166446453135,4.110970519860957,4.598689176949832,True
UAUGG_UCUAUG,1,U,5,U,0.8032039011530004,0.5615384148426001,1.0547266949845002,4.230064519434279,3.868542399301189,4.447991523921281,True
UAUGG_UCUCAG,1,U,4,C,0.9899904626070004,0.7958972386101006,1.2125958677049,4.426490964612654,4.083390335756773,4.587517884882324,True
UAUGG_UCUGAG,1,U,4,G,1.0373055259340005,0.8620903576431003,1.2492763611459508,4.481618499356244,4.145518100789011,4.61326998856076,True
UAUGG_UCUUAG,1,U,4,U,1.0353807227220002,0.8479956501069,1.2566851706119504,4.47620609425014,4.13698910992868,4.6264820742637,True
UAUGG_UGUAAG,1,U,2,G,1.0373055259340005,0.8620903576431003,1.2492763611459508,4.481618499356244,4.145518100789011,4.61326998856076,True
UAUGG_UUUAAG,1,U,2,U,1.0148196407610004,0.8161037126165503,1.25003105302035,4.451421212420394,4.104245841702182,4.624309165316292,True
UAUGU_ACUAAG,11,U,1,A,0.7730828713330002,0.5611266956400501,1.0094383536649,4.206502058814502,3.853475452636583,4.390904319749748,True
UAUGU_CAUAAG,11,U,2,A,1.0373055259340005,0.8620903576431003,1.2492763611459508,4.481618499356244,4.145518100789011,4.61326998856076,True
UAUGU_CCAAAG,11,U,3,A,1.0373055259340005,0.8620903576431003,1.2492763611459508,4.481618499356244,4.145518100789011,4.61326998856076,True
UAUGU_CCCAAG,11,U,3,C,1.0373055259340005,0.8620903576431003,1.2492763611459508,4.481618499356244,4.145518100789011,4.61326998856076,True
UAUGU_CCGAAG,11,U,3,G,1.031397474722,0.8337421277825502,1.2592451547301504,4.4677466105619725,4.125852695395545,4.63570021784792,True
UAUGU_CCUAAA,11,U,6,A,0.9215952626187502,0.6582388617941249,1.2206421231231877,4.455339312066097,4.017723694288426,4.690731023314337,True
UAUGU_CCUAAC,11,U,6,C,1.0373055259340005,0.8620903576431003,1.2492763611459508,4.481618499356244,4.145518100789011,4.61326998856076,True
UAUGU_CCUAAU,11,U,6,U,1.015470186156,0.7661694450991008,1.27232999473175,4.444359956934083,4.080977518766939,4.656375082280339,True
UAUGU_CCUACG,11,U,5,C,1.02752058594,0.8032075146189501,1.2842814745877,4.4570868850553715,4.105397137895963,4.674619364123611,True
UAUGU_CCUAGG,11,U,5,G,1.0373055259340005,0.8620903576431003,1.2492763611459508,4.481618499356244,4.145518100789011,4.61326998856076,True
UAUGU_CCUAUG,11,U,5,U,1.0238185281670003,0.8358318627762502,1.2433054693232506,4.462191043803206,4.122108651863575,4.6187026172277195,True
UAUGU_CCUCAG,11,U,4,C,1.0373055259340005,0.8620903576431003,1.2492763611459508,4.481618499356244,4.145518100789011,4.61326998856076,True
UAUGU_CCUGAG,11,U,4,G,0.9591108532390002,0.7556359580412503,1.19284508156325,4.393211250990479,4.04658159309946,4.571019366802648,True
UAUGU_CCUUAG,11,U,4,U,0.9730476678890003,0.7845633247189502,1.1939889383917504,4.411785776744729,4.072539502403624,4.565076995263952,True
UAUGU_CGUAAG,11,U,2,G,0.9877865537470003,0.8019776997388502,1.2084746040148004,4.428339099634545,4.088466888834698,4.575359223372698,True
UAUGU_CUUAAG,11,U,2,U,1.0373055259340005,0.8620903576431003,1.2492763611459508,4.481618499356244,4.145518100789011,4.61326998856076,True
UAUGU_GCUAAG,11,U,1,G,0.7018863019349999,0.5001940696903501,0.9324678584521499,4.13709276856269,3.787810227504869,4.306968498905055,True
UAUGU_UCUAAG,11,U,1,U,0.9257731208960001,0.7394943862133502,1.14849364335535,4.3659799326169555,4.0244696205174915,4.51786904353441,True
UAUUA_CCUAAG,10,U,11,A,1.0373055259340005,0.8620903576431003,1.2492763611459508,4.481618499356244,4.145518100789011,4.61326998856076,True
UAUUC_CCUAAG,10,U,11,C,1.0171816653790002,0.7874781131188503,1.2719273419377994,4.446706367711576,4.084123735342611,4.655778188561821,True
UAUUG_ACUAAG,10,U,1,A,1.0373055259340005,0.8620903576431003,1.2492763611459508,4.481618499356244,4.145518100789011,4.61326998856076,True
UAUUG_CAUAAG,10,U,2,A,1.0373055259340005,0.8620903576431003,1.2492763611459508,4.481618499356244,4.145518100789011,4.61326998856076,True
UAUUG_CCAAAG,10,U,3,A,1.0108516601350004,0.7882716256522505,1.2723950566185,4.438995350531494,4.08448465119652,4.665786013827215,True
UAUUG_CCCAAG,10,U,3,C,1.0266883301050003,0.8312593342239504,1.2548434733903,4.4653183657871836,4.121170355075726,4.6326593877357265,True
UAUUG_CCGAAG,10,U,3,G,1.0095250185290001,0.8082063805385505,1.2378667470809503,4.44502673330553,4.100442559946116,4.6186626047530845,True
UAUUG_CCUAAA,10,U,6,A,1.0373055259340005,0.8620903576431003,1.2492763611459508,4.481618499356244,4.145518100789011,4.61326998856076,True
UAUUG_CCUAAC,10,U,6,C,1.0373055259340005,0.8620903576431003,1.2492763611459508,4.481618499356244,4.145518100789011,4.61326998856076,True
UAUUG_CCUAAU,10,U,6,U,0.7168874191630003,0.5078343595449003,0.9561101005850501,4.153413656233081,3.799501027150354,4.324014128207159,True
UAUUG_CCUACG,10,U,5,C,1.0373055259340005,0.8620903576431003,1.2492763611459508,4.481618499356244,4.145518100789011,4.61326998856076,True
UAUUG_CCUAGG,10,U,5,G,1.0373055259340005,0.8620903576431003,1.2492763611459508,4.481618499356244,4.145518100789011,4.61326998856076,True
UAUUG_CCUAUG,10,U,5,U,1.0373055259340005,0.8620903576431003,1.2492763611459508,4.481618499356244,4.145518100789011,4.61326998856076,True
UAUUG_CCUCAG,10,U,4,C,1.0204135467800004,0.7918842926047005,1.2693920473323002,4.451796964122788,4.0956624158936865,4.657074039396009,True
UAUUG_CCUGAG,10,U,4,G,1.0373055259340005,0.8620903576431003,1.2492763611459508,4.481618499356244,4.145518100789011,4.61326998856076,True
UAUUG_CCUUAG,10,U,4,U,1.0373055259340005,0.8620903576431003,1.2492763611459508,4.481618499356244,4.145518100789011,4.61326998856076,True
UAUUG_CGUAAG,10,U,2,G,0.8603072477209999,0.6099829954705996,1.1306205993522502,4.288382122555152,3.918371681913067,4.5284717556479075,True
UAUUG_CUUAAG,10,U,2,U,1.0373055259340005,0.8620903576431003,1.2492763611459508,4.481618499356244,4.145518100789011,4.61326998856076,True
UAUUG_GCUAAG,10,U,1,G,1.0373055259340005,0.8620903576431003,1.2492763611459508,4.481618499356244,4.145518100789011,4.61326998856076,True
UAUUG_UCUAAG,10,U,1,U,0.963102457637,0.7594324592073506,1.19341010678895,4.396976908852661,4.0532649482949035,4.571478971521047,True
UAUUU_CCUAAG,10,U,11,U,1.0373055259340005,0.8620903576431003,1.2492763611459508,4.481618499356244,4.145518100789011,4.61326998856076,True
UCAGG_CCUAAG,8,C,9,A,0.23717958781299978,-0.027254403535750475,0.5032112203835005,3.661884824653097,3.2879590413893487,3.8912086698068054,False
UCCGG_CCUAAG,8,C,9,C,-0.18987834202166645,-0.44729257740908296,0.1465536681712503,3.105880521162379,2.9727732742233477,3.262650030953589,True
UCGGG_CCUAAG,8,C,9,G,0.4913590704359999,0.2644026337563501,0.7369854318040501,3.9209195106825545,3.555868540401251,4.127146093541006,True
UCUAG_CCUAAG,8,C,10,A,1.0006702961650005,0.7803200868600002,1.2451224037167004,4.432923786036163,4.080175579217689,4.631279195904888,True
UCUCG_CCUAAG,8,C,10,C,1.0373055259340005,0.8620903576431003,1.2492763611459508,4.481618499356244,4.145518100789011,4.61326998856076,True
UCUGA_CCUAAG,8,C,11,A,1.0315647704380004,0.8480764285704004,1.2514928678772004,4.474135709264056,4.135480516848583,4.618573621985528,True
UCUGC_CCUAAG,8,C,11,C,1.0373055259340005,0.8620903576431003,1.2492763611459508,4.481618499356244,4.145518100789011,4.61326998856076,True
UCUGG_ACUAAG,8,C,1,A,1.0373055259340005,0.8620903576431003,1.2492763611459508,4.481618499356244,4.145518100789011,4.61326998856076,True
UCUGG_CAUAAG,8,C,2,A,1.0201719646600003,0.8288773349966502,1.2403826519853502,4.458081682897653,4.117443573749728,4.610953225554427,True
UCUGG_CCAAAG,8,C,3,A,0.13849022143375012,-0.1499884634572501,0.4509629688963123,3.6290476743644944,3.405031536610942,3.8446803524059483,False
UCUGG_CCCAAG,8,C,3,C,-0.06951516349624975,-0.3107095629172494,0.20968458750381255,3.4191090297198294,3.2676937948678955,3.5814008417667784,False
UCUGG_CCGAAG,8,C,3,G,0.19679725657500033,-0.11304798040875007,0.5665837527800829,3.843447538956659,3.612095687826263,4.070044378551428,False
UCUGG_CCUAAA,8,C,6,A,0.9501199981916673,0.6519252840930003,1.3197014431993332,4.673298390871588,4.091335190343936,4.945089161503834,True
UCUGG_CCUAAC,8,C,6,C,0.938459882587,0.6749609522962005,1.2222707521107001,4.364684381514326,3.9848251035064655,4.611964186985161,True
UCUGG_CCUAAU,8,C,6,U,0.7328936711716667,0.4493191225439999,1.0789206503376665,4.379014152141847,4.202575969727818,4.56228860900222,True
UCUGG_CCUACG,8,C,5,C,0.5505192119440003,0.2738898809012004,0.8538466335052001,3.971158484650465,3.5906301757077967,4.249321693933343,False
UCUGG_CCUAGG,8,C,5,G,0.40640900509600025,0.1267862469466001,0.7125149349887001,3.8303134838126205,3.4455431587953913,4.108666247150931,False
UCUGG_CCUAUG,8,C,5,U,0.5151163770889999,0.28436889893605016,0.76622773413615,3.944814889362048,3.5920917579575935,4.152528905793267,True
UCUGG_CCUCAG,8,C,4,C,0.4149756358780001,0.19331712522404984,0.6616676770823504,3.8455866118294564,3.494376108092126,4.042755779541037,True
UCUGG_CCUGAG,8,C,4,G,0.48587707435750005,0.2071159866579377,0.7995101493763748,3.9711812758533,3.768781999447708,4.2060299380895945,True
UCUGG_CCUUAG,8,C,4,U,0.9751248109810001,0.7555900321025502,1.2228161721258004,4.4061154155207065,4.051786016371025,4.610970878550936,True
UCUGG_CGUAAG,8,C,2,G,1.0373055259340005,0.8620903576431003,1.2492763611459508,4.481618499356244,4.145518100789011,4.61326998856076,True
UCUGG_CUUAAG,8,C,2,U,0.888124399192,0.6751750100824002,1.1259544608848502,4.320951019996715,3.963805412119013,4.506866194019422,True
UCUGG_GCUAAG,8,C,1,G,0.7563207567529998,0.4787528242284497,1.1041353231863498,4.17984131305769,3.795190873777078,4.509025691023373,False
UCUGG_UCUAAG,8,C,1,U,0.871490398038,0.6440323930481499,1.1114605599303495,4.30174348441407,3.942750849140671,4.50070794826515,True
UCUGU_CCUAAG,8,C,11,U,1.0373055259340005,0.8620903576431003,1.2492763611459508,4.481618499356244,4.145518100789011,4.61326998856076,True
UCUUG_CCUAAG,8,C,10,U,1.0156590587620002,0.7938566738163004,1.265338187617,4.4444595027306075,4.09882068191035,4.64407725017534,True
UGAGG_CCUAAG,8,G,9,A,0.4036300166175001,0.12082614125550034,0.716142362500875,3.8947698678702753,3.6761323537358246,4.097849116977331,True
UGCGG_CCUAAG,8,G,9,C,0.9056550976950004,0.6850028986325499,1.16521918403165,4.335469639262829,3.987551156944931,4.536705885452918,True
UGGGG_CCUAAG,8,G,9,G,0.569359834903,0.26374163765685,0.8423716855203497,3.990030426985827,3.596483355183323,4.233395075400115,True
UGUAG_CCUAAG,8,G,10,A,1.0341934865320002,0.8338482762868005,1.2604846061665997,4.4692694317358646,4.13072241788633,4.631257708829615,True
UGUCG_CCUAAG,8,G,10,C,1.0373055259340005,0.8620903576431003,1.2492763611459508,4.481618499356244,4.145518100789011,4.61326998856076,True
UGUGA_CCUAAG,8,G,11,A,1.0373055259340005,0.8620903576431003,1.2492763611459508,4.481618499356244,4.145518100789011,4.61326998856076,True
UGUGC_CCUAAG,8,G,11,C,0.9920497193880002,0.7961259170849501,1.2200769410768004,4.430376501477285,4.0869149614249425,4.59467233901293,True
UGUGG_ACUAAG,8,G,1,A,1.0373055259340005,0.8620903576431003,1.2492763611459508,4.481618499356244,4.145518100789011,4.61326998856076,True
UGUGG_CAUAAG,8,G,2,A,1.1139458855700006,0.9187956700286255,1.37282725576975,4.66547107064072,4.246841990747301,4.816690928888088,True
UGUGG_CCAAAG,8,G,3,A,0.588332071428,0.36947791223640025,0.8247606122783,4.0181728610777245,3.670576184849027,4.219661201505833,True
UGUGG_CCCAAG,8,G,3,C,0.14314375387250022,-0.12615932370800034,0.4519213883140625,3.675916636188725,3.2303011973772353,3.9286293979948463,False
UGUGG_CCGAAG,8,G,3,G,0.5568846500129998,0.2584858514101501,0.8723820272015999,3.9793506296936023,3.5858498232817406,4.269095013801254,True
UGUGG_CCUAAA,8,G,6,A,-0.055678681059999846,-0.30835299419965023,0.23015073461719965,3.3698344717853237,3.0017959964659413,3.621606624724305,False
UGUGG_CCUAAC,8,G,6,C,0.3334294098399998,0.07747457789043773,0.6269704114083127,3.8685781816398737,3.4223426352339565,4.095642077180579,False
UGUGG_CCUAAU,8,G,6,U,1.0183315059287499,0.7425162305458751,1.3229262262536878,4.334128192037214,3.886944619613762,4.656903426738713,False
UGUGG_CCUACG,8,G,5,C,-0.18491994884625007,-0.5027320041383753,0.1470721429598745,3.0802577774062128,2.6239928866075988,3.381668944651342,False
UGUGG_CCUAGG,8,G,5,G,0.515787009359,0.27043170292690016,0.7847383459509,3.9421317560745828,3.580074763210977,4.175024891924106,False
UGUGG_CCUAUG,8,G,5,U,0.3762388863962499,0.08882270044518749,0.7173469721543125,3.903273134227481,3.4567563958503356,4.198097628835711,False
UGUGG_CCUCAG,8,G,4,C,0.5242046648859999,0.2642394737810497,0.8020668369942492,3.945785392775036,3.5765241757755626,4.201976725527654,False
UGUGG_CCUGAG,8,G,4,G,0.48224152468099996,0.23159095648649997,0.7491816694980497,3.9072483893571253,3.5328937734607413,4.142326308915761,False
UGUGG_CCUUAG,8,G,4,U,0.8357700606340001,0.5441669003845502,1.12704624771645,4.262252409260354,3.857165830922087,4.5175883879766285,True
UGUGG_CGUAAG,8,G,2,G,1.0373055259340005,0.8620903576431003,1.2492763611459508,4.481618499356244,4.145518100789011,4.61326998856076,True
UGUGG_CUUAAG,8,G,2,U,1.003045227914,0.8160241983255001,1.2272505917045504,4.442536069543796,4.106441877013895,4.599803150390292,True
UGUGG_GCUAAG,8,G,1,G,0.9887785669090001,0.7044477152969,1.2668182309077,4.410798889738897,4.024716641013765,4.658267868527596,True
UGUGG_UCUAAG,8,G,1,U,0.9774858204550001,0.7341038867546501,1.232514652833,4.407317512488428,4.034407808414567,4.6222736910594495,True
UGUGU_CCUAAG,8,G,11,U,1.0373055259340005,0.8620903576431003,1.2492763611459508,4.481618499356244,4.145518100789011,4.61326998856076,True
UGUUG_CCUAAG,8,G,10,U,1.0373055259340005,0.8620903576431003,1.2492763611459508,4.481618499356244,4.145518100789011,4.61326998856076,True
UUAGG_CCUAAG,8,U,9,A,0.07893708305500025,-0.27317765944368694,0.43446363387843734,3.597089417787801,3.1225840484413907,3.922820564143721,False
UUCGG_CCUAAG,8,U,9,C,0.7863159098719998,0.4694644626489002,1.06160289904405,4.211072155214257,3.8010197551950524,4.462362217505584,True
UUGGG_CCUAAG,8,U,9,G,-0.06841767969750034,-0.3428104995978749,0.2519653144208754,3.4689037294400116,3.0224977628015544,3.745826826292634,False
UUUAG_CCUAAG,8,U,10,A,0.9568090050659999,0.7413467796335,1.2025144431149504,4.390655411363193,4.035494846887768,4.576564939165932,True
UUUCG_CCUAAG,8,U,10,C,1.0373055259340005,0.8620903576431003,1.2492763611459508,4.481618499356244,4.145518100789011,4.61326998856076,True
UUUGA_CCUAAG,8,U,11,A,0.9637471888770004,0.7547101321230502,1.1968183576945504,4.400857519796391,4.051274070956931,4.572655866544341,True
UUUGC_CCUAAG,8,U,11,C,1.0373055259340005,0.8620903576431003,1.2492763611459508,4.481618499356244,4.145518100789011,4.61326998856076,True
UUUGG_ACUAAG,8,U,1,A,1.0373055259340005,0.8620903576431003,1.2492763611459508,4.481618499356244,4.145518100789011,4.61326998856076,True
UUUGG_CAUAAG,8,U,2,A,1.0373055259340005,0.8620903576431003,1.2492763611459508,4.481618499356244,4.145518100789011,4.61326998856076,True
UUUGG_CCAAAG,8,U,3,A,0.5790873116616675,0.3464281589761668,0.9073100065918339,4.229083446592006,4.1192760956153665,4.370877299436378,True
UUUGG_CCCAAG,8,U,3,C,0.2078625592900002,-0.05974918980987498,0.4963468493597502,3.7426983937271743,3.2999164333362683,3.9693052577768224,False
UUUGG_CCGAAG,8,U,3,G,0.23587158350750015,-0.0328991418990624,0.5467970874329376,3.7671125296404333,3.3251980496402314,4.032751564320358,False
UUUGG_CCUAAA,8,U,6,A,-0.042420457707500026,-0.43449407211387486,0.3096431969792498,3.509570925238302,3.1744236148554297,3.8051792168734755,False
UUUGG_CCUAAC,8,U,6,C,0.4552514257762499,0.24981572996675008,0.7245337907939376,4.003884648956696,3.5811650296906796,4.171981952070494,True
UUUGG_CCUAAU,8,U,6,U,0.21713153056250012,-0.4962070608803754,0.5940832264709992,3.7294696386956483,2.9971285591422703,4.0946736631461835,False
UUUGG_CCUACG,8,U,5,C,0.56935294233875,0.306828030105125,0.8295721676542496,3.886458775479713,3.4307723231846388,4.166532558562163,False
UUUGG_CCUAGG,8,U,5,G,-0.08334523157700016,-0.3539308777926,0.1898129508775494,3.3382091464419457,2.9639833717516653,3.593978610319928,False
UUUGG_CCUAUG,8,U,5,U,0.624691474818,0.3827709086747505,0.8882428207524502,4.051763007879682,3.6879197655615603,4.274125336495557,True
UUUGG_CCUCAG,8,U,4,C,0.4899235308109998,0.2401890097376498,0.7470087626069999,3.9185891675331033,3.556282856525092,4.130803314638759,False
UUUGG_CCUGAG,8,U,4,G,0.5654921196319996,0.2947437376702505,0.8549553942022496,3.988289329645335,3.605894847976691,4.2468619598471795,False
UUUGG_CCUUAG,8,U,4,U,0.9021497618579999,0.5988699483401,1.2506566029751998,4.319180333200077,3.923499067692701,4.669514783060972,False
UUUGG_CGUAAG,8,U,2,G,1.0373055259340005,0.8620903576431003,1.2492763611459508,4.481618499356244,4.145518100789011,4.61326998856076,True
UUUGG_CUUAAG,8,U,2,U,0.8686446456300003,0.66299808766585,1.0978832305485,4.303068426899036,3.9575166916105453,4.4754201707883166,True
UUUGG_GCUAAG,8,U,1,G,1.0373055259340005,0.8620903576431003,1.2492763611459508,4.481618499356244,4.145518100789011,4.61326998856076,True
UUUGG_UCUAAG,8,U,1,U,0.6200324134780002,0.39022552480795025,0.8766198896442502,4.050394027038464,3.6892211583487478,4.262940897004582,True
UUUGU_CCUAAG,8,U,11,U,1.0202086044620002,0.8236297565017502,1.2489525308858007,4.456647178588473,4.1090164628703,4.620826502420384,True
UUUUG_CCUAAG,8,U,10,U,1.004307354615,0.8071376545709502,1.23162608907275,4.439936692072466,4.0944906384495665,4.608470263690823,True
