,first_loc,first_res,second_loc,second_res,ddG,ddG_lb,ddG_ub,limit
UAUGG_CCUAAG,,,,,,,,
AAUGG_CCUAAG,7,A,,,2.2692525384292157,1.8486545004761732,2.441301157899773,False
CAUGG_CCUAAG,7,C,,,2.3179928243973604,2.1113392498056083,2.4920094899364975,False
GAUGG_CCUAAG,7,G,,,0.3067495096313218,-0.17508186343898846,0.4838619154108554,False
UAAGG_CCUAAG,9,A,,,1.4406339752292197,1.0885638304217806,1.6188139605047092,False
UACGG_CCUAAG,9,C,,,0.8402794640681324,0.3468010337359459,1.0182645835204704,False
UAGGG_CCUAAG,9,G,,,1.762658814749311,1.4220885136942787,1.9235728854698753,False
UAUAG_CCUAAG,10,A,,,4.440591938177533,4.088159863025829,4.626158716238547,True
UAUCG_CCUAAG,10,C,,,4.465026309171431,4.12605895460721,4.626925226343059,True
UAUGA_CCUAAG,11,A,,,1.5405638411881286,1.1992796570234991,1.6902489796359392,False
UAUGC_CCUAAG,11,C,,,2.4299458669901175,2.089127363470067,2.590976236271234,False
UAUGG_ACUAAG,1,A,,,2.174531363196754,1.8349890384788066,2.329530298509586,False
UAUGG_CAUAAG,2,A,,,3.308865802319554,2.966727591129099,3.495704004807306,True
UAUGG_CCAAAG,3,A,,,4.39909338845763,4.03770799459711,4.578386056829813,True
UAUGG_CCCAAG,3,C,,,4.441447420294775,4.070209969468348,4.676507880269328,True
UAUGG_CCGAAG,3,G,,,4.355036613678896,3.9746604151124827,4.595592043954482,True
UAUGG_CCUAAA,6,A,,,0.3579437058058097,0.0025710580847432634,0.5166212996549772,False
UAUGG_CCUAAC,6,C,,,0.3209805193162758,-0.06756476055897968,0.5103406812880619,False
UAUGG_CCUAAU,6,U,,,1.1680970893803444,0.8203879886955594,1.3468609117896206,False
UAUGG_CCUACG,5,C,,,0.0765038673922465,-0.269001146001256,0.23125958424634446,False
UAUGG_CCUAGG,5,G,,,2.514833700821745,2.073099362122998,2.843934636856585,False
UAUGG_CCUAUG,5,U,,,2.521270746945655,2.1662359714773225,2.7280354102102593,False
UAUGG_CCUCAG,4,C,,,2.597639928583164,2.248752437988997,2.7803988209864854,False
UAUGG_CCUGAG,4,G,,,1.8778435980808847,1.4463686264840376,2.077998548235539,False
UAUGG_CCUUAG,4,U,,,2.110706615968638,1.6672123649730033,2.352344907696637,False
UAUGG_CGUAAG,2,G,,,4.2351948882511365,3.858794826619567,4.4619043169144605,True
UAUGG_CUUAAG,2,U,,,2.6996553399782623,2.3454624315593255,2.892567891713655,False
UAUGG_GCUAAG,1,G,,,0.8229213447762351,0.48325529466948197,0.9672167833115544,False
UAUGG_UCUAAG,1,U,,,0.98209066940255,0.6343269752687326,1.1552382144273232,False
UAUGU_CCUAAG,11,U,,,2.6985509541624495,2.3537815331171332,2.8567840492554084,False
UAUUG_CCUAAG,10,U,,,4.357510785387191,4.00488151495642,4.541906866001177,True
UCUGG_CCUAAG,8,C,,,3.683610053537359,3.216276418822676,3.963608268360779,False
UGUGG_CCUAAG,8,G,,,4.023755936871166,3.5921739259626295,4.266294463573191,True
UUUGG_CCUAAG,8,U,,,4.398670803511173,3.9728447478445097,4.579657268163306,True
AAAGG_CCUAAG,7,A,9,A,2.7324019227716905,2.047199489038658,3.4550491711303377,False
AACGG_CCUAAG,7,A,9,C,2.74958414626645,2.300643054905064,3.057926210490524,False
AAGGG_CCUAAG,7,A,9,G,3.518942277797877,3.1308949390846865,3.7548357751135217,True
AAUAG_CCUAAG,7,A,10,A,4.481618499356244,4.145518100789011,4.61326998856076,True
AAUCG_CCUAAG,7,A,10,C,4.474189603309066,4.126637404031422,4.63324578958281,True
AAUGA_CCUAAG,7,A,11,A,4.178263754751217,3.8370602293115144,4.330999960547124,True
AAUGC_CCUAAG,7,A,11,C,4.33516249084202,3.9943576666309224,4.487487195635575,True
AAUGG_ACUAAG,7,A,1,A,4.419834991411209,4.051463382085115,4.664867132762097,True
AAUGG_CAUAAG,7,A,2,A,4.322973525321956,3.8932418924466394,4.62606140968099,True
AAUGG_CCAAAG,7,A,3,A,4.66547107064072,4.246841990747301,4.816690928888088,True
AAUGG_CCCAAG,7,A,3,C,4.231251688073213,3.7796434761972306,4.50461583538806,False
AAUGG_CCGAAG,7,A,3,G,4.088729989097496,3.656981405122115,4.309518295484478,True
AAUGG_CCUAAA,7,A,6,A,1.0311731265949557,0.6506939581634278,1.2078899234587672,False
AAUGG_CCUAAC,7,A,6,C,1.0984527355803584,0.7615403849375305,1.2459373626932377,False
AAUGG_CCUAAU,7,A,6,U,1.101012510205309,0.5376373058807359,1.297430862392886,False
AAUGG_CCUACG,7,A,5,C,2.375025279983253,1.9961139301531807,2.5959801714170085,False
AAUGG_CCUAGG,7,A,5,G,2.721432099892218,2.2628949641911347,2.979982120349671,False
AAUGG_CCUAUG,7,A,5,U,2.785049084947537,2.366463311748596,3.0202377977269643,False
AAUGG_CCUCAG,7,A,4,C,3.269858508014165,2.889118150358166,3.5163231785820246,False
AAUGG_CCUGAG,7,A,4,G,2.752846193573637,2.495746941402782,2.994497619921402,False
AAUGG_CCUUAG,7,A,4,U,2.130658890674296,1.7671860078080939,2.337416465744827,False
AAUGG_CGUAAG,7,A,2,G,4.481618499356244,4.145518100789011,4.61326998856076,True
AAUGG_CUUAAG,7,A,2,U,4.38701388755549,4.014731812888329,4.5632323399698205,True
AAUGG_GCUAAG,7,A,1,G,3.3159572338786516,2.961863162584187,3.512359016723186,False
AAUGG_UCUAAG,7,A,1,U,3.2656411256083233,2.9170316804640066,3.4505569010756107,False
AAUGU_CCUAAG,7,A,11,U,4.481618499356244,4.145518100789011,4.61326998856076,True
AAUUG_CCUAAG,7,A,10,U,4.481618499356244,4.145518100789011,4.61326998856076,True
ACUGG_CCUAAG,7,A,8,C,2.857519894622544,2.275565600874477,3.2337890999864958,False
AGUGG_CCUAAG,7,A,8,G,3.5228353390854794,3.161964384821818,3.7301972572580446,False
AUUGG_CCUAAG,7,A,8,U,2.923493034370315,2.406331956526998,3.2650048025755862,False
CAAGG_CCUAAG,7,C,9,A,3.2719536673394756,3.0451929989424626,3.4854152550425126,True
CACGG_CCUAAG,7,C,9,C,1.60048372427018,0.7413114050437878,2.3843568988490143,False
CAGGG_CCUAAG,7,C,9,G,3.142578908642724,2.700528166198638,3.4665252206396233,False
CAUAG_CCUAAG,7,C,10,A,4.525078301364275,4.065052831541555,4.757393456090311,True
CAUCG_CCUAAG,7,C,10,C,4.481618499356244,4.145518100789011,4.61326998856076,True
CAUGA_CCUAAG,7,C,11,A,3.581451119080456,3.001029152051838,3.916868883453045,False
CAUGC_CCUAAG,7,C,11,C,4.093489678310483,3.665115277538372,4.405501650788926,False
CAUGG_ACUAAG,7,C,1,A,4.371400239492452,3.9961023022313684,4.617797575294032,True
CAUGG_CAUAAG,7,C,2,A,4.4330563818296636,4.084732138138222,4.62027186708497,True
CAUGG_CCAAAG,7,C,3,A,4.349308222945706,4.155134268843703,4.526581712317339,True
CAUGG_CCCAAG,7,C,3,C,4.132992867208161,3.5869513822206014,4.484906576361817,True
CAUGG_CCGAAG,7,C,3,G,4.0474275764055445,3.3284034929019106,4.430736881584961,False
CAUGG_CCUAAA,7,C,6,A,-0.2589882729263054,-0.4407576563248009,-0.05525057298860129,False
CAUGG_CCUAAC,7,C,6,C,0.14161767358083868,-0.23733682448771198,0.38359382818121357,False
CAUGG_CCUAAU,7,C,6,U,1.9574720486147572,1.6058553218536766,2.1335741758291356,False
CAUGG_CCUACG,7,C,5,C,1.762009232389879,1.0642763839051863,2.12050532305776,False
CAUGG_CCUAGG,7,C,5,G,3.6042307149009263,3.1804418855137215,3.843902981346678,True
CAUGG_CCUAUG,7,C,5,U,4.3727355233616265,4.289213451653729,4.500392601798973,True
CAUGG_CCUCAG,7,C,4,C,3.5524267777005516,3.0678830242951123,3.9222424343855793,True
CAUGG_CCUGAG,7,C,4,G,2.751825383248433,2.2390930694249938,3.0306300831683797,False
CAUGG_CCUUAG,7,C,4,U,3.060088734685486,2.77623070958701,3.284815010222753,False
CAUGG_CGUAAG,7,C,2,G,4.358282189786001,3.8865916704037615,4.657612046503116,True
CAUGG_CUUAAG,7,C,2,U,4.29832269145502,3.937904712094727,4.508937946544599,True
CAUGG_GCUAAG,7,C,1,G,3.2454140262111326,2.8852678352535106,3.461950799350862,False
CAUGG_UCUAAG,7,C,1,U,3.4192468678485235,3.0690004956054757,3.611583300800651,True
CAUGU_CCUAAG,7,C,11,U,4.411607103349015,4.065754487092878,4.572957949287823,True
CAUUG_CCUAAG,7,C,10,U,4.481618499356244,4.145518100789011,4.61326998856076,True
CCUGG_CCUAAG,7,C,8,C,4.149765783782117,3.664361681777387,4.55965370909697,False
CGUGG_CCUAAG,7,C,8,G,4.0262033017784775,3.8463994244042032,4.21564589486077,True
CUUGG_CCUAAG,7,C,8,U,4.7200472365506005,2.9135583947168535,5.611121496159003,False
GAAGG_CCUAAG,7,G,9,A,2.452791481053394,2.006055455873571,2.82132545217415,False
GACGG_CCUAAG,7,G,9,C,0.29671400758621524,-0.0621877811071005,0.4621368508279864,False
GAGGG_CCUAAG,7,G,9,G,1.726086307698846,1.3797958203913627,1.9049236969869598,False
GAUAG_CCUAAG,7,G,10,A,4.481618499356244,4.145518100789011,4.61326998856076,True
GAUCG_CCUAAG,7,G,10,C,4.4060308937835595,4.0635375704239465,4.554706195830372,True
GAUGA_CCUAAG,7,G,11,A,2.1769840062857133,1.835783330661267,2.350955409016071,False
GAUGC_CCUAAG,7,G,11,C,3.147456889132764,2.7933367085261094,3.3664416639183554,False
GAUGG_ACUAAG,7,G,1,A,2.6417810032804567,2.280340001828617,2.8537553274124052,False
GAUGG_CAUAAG,7,G,2,A,4.182908453410427,3.757116552354026,4.704228110821874,True
GAUGG_CCAAAG,7,G,3,A,4.383798604560191,3.7846308913165716,4.729686089662555,True
GAUGG_CCCAAG,7,G,3,C,4.03030338016426,3.8187790738617142,4.2672280174770645,True
GAUGG_CCGAAG,7,G,3,G,4.406287787008207,3.970536237415796,4.628687803836616,True
GAUGG_CCUAAA,7,G,6,A,1.233612261332203,1.07171425486742,1.4031774366131715,False
GAUGG_CCUAAC,7,G,6,C,2.5510359607308333,1.872655056701275,3.5719954915046097,False
GAUGG_CCUAAU,7,G,6,U,1.0481996427112452,0.693205160290588,1.2683801184000163,False
GAUGG_CCUACG,7,G,5,C,2.241461277002694,1.8991108651471327,2.4078577930094864,False
GAUGG_CCUAGG,7,G,5,G,3.1993689703844277,3.0169175566616535,3.381904878061122,False
GAUGG_CCUAUG,7,G,5,U,3.3566673970081045,3.000598859343336,3.565881293736171,False
GAUGG_CCUCAG,7,G,4,C,2.903796833684363,2.4812742043870895,3.1066795903105686,False
GAUGG_CCUGAG,7,G,4,G,2.351001590307842,2.0020286215852785,2.529863376083612,False
GAUGG_CCUUAG,7,G,4,U,2.055179794205549,1.5994214061215175,2.3360192019624946,False
GAUGG_CGUAAG,7,G,2,G,4.481618499356244,4.145518100789011,4.61326998856076,True
GAUGG_CUUAAG,7,G,2,U,3.237693797425219,2.8789403582148863,3.4397484400037834,False
GAUGG_GCUAAG,7,G,1,G,1.441084626007511,1.089941446591741,1.6124365932614593,False
GAUGG_UCUAAG,7,G,1,U,1.3728362508554635,1.0293310067914387,1.5461712033735213,False
GAUGU_CCUAAG,7,G,11,U,3.2636356914955176,2.9085373050790992,3.4491700682963042,False
GAUUG_CCUAAG,7,G,10,U,4.481618499356244,4.145518100789011,4.61326998856076,True
GCUGG_CCUAAG,7,G,8,C,3.5135691857746223,3.144252148985716,3.7790661309022124,True
GGUGG_CCUAAG,7,G,8,G,3.9406144090377966,3.5785020684491373,4.149971301277447,True
GUUGG_CCUAAG,7,G,8,U,3.925579525546068,3.5107144646003863,4.159836258839305,True
UAAAG_CCUAAG,9,A,10,A,4.481618499356244,4.145518100789011,4.61326998856076,True
UAACG_CCUAAG,9,A,10,C,4.414281183790354,4.04857028886222,4.64503365611008,True
UAAGA_CCUAAG,9,A,11,A,3.0032297570114146,2.633381135906032,3.2325878820734872,False
UAAGC_CCUAAG,9,A,11,C,3.6371186010220082,3.2651084288603878,3.875749616357711,False
UAAGG_ACUAAG,9,A,1,A,3.482712157531637,3.1060668364837656,3.71577191436378,False
UAAGG_CAUAAG,9,A,2,A,3.9663053798679595,3.5980847200193504,4.166692922055967,True
UAAGG_CCAAAG,9,A,3,A,4.4537257586869465,4.110362514408409,4.600634237004218,True
UAAGG_CCCAAG,9,A,3,C,4.4685974072374055,4.127081874903708,4.622683024841568,True
UAAGG_CCGAAG,9,A,3,G,4.481618499356244,4.145518100789011,4.61326998856076,True
UAAGG_CCUAAA,9,A,6,A,1.991010876959026,1.5263757800418738,2.229779600773827,False
UAAGG_CCUAAC,9,A,6,C,2.489659371821426,1.3514895340921749,2.8466510072072047,False
UAAGG_CCUAAU,9,A,6,U,2.624876250043701,2.423752267083621,2.807288352225681,False
UAAGG_CCUACG,9,A,5,C,1.6377638144231625,1.4954421172238217,1.7774694016289887,False
UAAGG_CCUAGG,9,A,5,G,4.136040744650577,3.7850896518732635,4.318330170772686,True
UAAGG_CCUAUG,9,A,5,U,3.7688006202311737,3.314338795955307,4.085993467802976,False
UAAGG_CCUCAG,9,A,4,C,4.127894637549263,3.7650208253705744,4.370138622403903,True
UAAGG_CCUGAG,9,A,4,G,4.368926015960037,3.8863339443817617,4.627129187194665,True
UAAGG_CCUUAG,9,A,4,U,4.396225120812357,4.252799044442231,4.550342346589284,True
UAAGG_CGUAAG,9,A,2,G,4.481618499356244,4.145518100789011,4.61326998856076,True
UAAGG_CUUAAG,9,A,2,U,3.860799490970277,3.4820872630939648,4.059789935781434,True
UAAGG_GCUAAG,9,A,1,G,2.116845172849211,1.7673654964317804,2.2853416224775596,False
UAAGG_UCUAAG,9,A,1,U,2.346701587324503,1.8138729981777482,2.7333410003764453,False
UAAGU_CCUAAG,9,A,11,U,4.059405013570302,3.700015136827765,4.268522179476914,True
UAAUG_CCUAAG,9,A,10,U,4.4707700779250175,4.1347805215690565,4.631985793688306,True
UACAG_CCUAAG,9,C,10,A,4.417505322957379,4.079825601121816,4.5611296324154225,True
UACCG_CCUAAG,9,C,10,C,4.460272623868919,4.116827339915419,4.632808648714541,True
UACGA_CCUAAG,9,C,11,A,2.386617099966421,2.0453073657476537,2.5395710842570365,False
UACGC_CCUAAG,9,C,11,C,2.71827411301117,2.3761184151455037,2.877136969120718,False
UACGG_ACUAAG,9,C,1,A,3.045236996580214,2.704666054847311,3.2163302677380896,False
UACGG_CAUAAG,9,C,2,A,3.57143252369018,3.205612517464954,3.800149345315094,True
UACGG_CCAAAG,9,C,3,A,3.9097224462819034,3.625125976954708,4.254390031706115,False
UACGG_CCCAAG,9,C,3,C,4.196814255200508,3.8521590235857506,4.381429717315296,True
UACGG_CCGAAG,9,C,3,G,4.601687896902006,4.491880545925366,4.743481749746378,True
UACGG_CCUAAA,9,C,6,A,1.0434364756583645,0.8750056879129382,1.2351559698604606,False
UACGG_CCUAAC,9,C,6,C,0.8674903090583281,0.5211183431189734,1.0268713573999833,False
UACGG_CCUAAU,9,C,6,U,1.5454344494218402,1.117580379043891,1.7280614222397015,False
UACGG_CCUACG,9,C,5,C,0.8726447128519057,0.5250175621134825,1.0237259497212245,False
UACGG_CCUAGG,9,C,5,G,2.813873485687323,2.6613102192011056,2.968388595038134,False
UACGG_CCUAUG,9,C,5,U,2.6515279259339657,2.2840839013238496,2.9100969050702976,False
UACGG_CCUCAG,9,C,4,C,3.2726356043799925,2.535484343014991,3.5405393757576555,False
UACGG_CCUGAG,9,C,4,G,3.1851601318880203,2.619018920186223,3.471160852782008,False
UACGG_CCUUAG,9,C,4,U,3.3644004503982314,2.971268236908068,3.602157297069661,False
UACGG_CGUAAG,9,C,2,G,3.5098099222508288,3.156523285351048,3.707578139434975,False
UACGG_CUUAAG,9,C,2,U,3.5260208104869797,3.163117014499759,3.7525907027890324,False
UACGG_GCUAAG,9,C,1,G,1.6788503595896977,1.3343743655726128,1.8435049750172239,False
UACGG_UCUAAG,9,C,1,U,1.5967282866978896,1.2518272516107365,1.7452759180580135,False
UACGU_CCUAAG,9,C,11,U,3.1663255681394977,3.023053065368943,3.324359487245745,False
UACUG_CCUAAG,9,C,10,U,3.9160213214147914,3.4982478144940967,4.236775206864701,True
UAGAG_CCUAAG,9,G,10,A,4.411575818345089,4.051349285597971,4.605889874381383,True
UAGCG_CCUAAG,9,G,10,C,4.380288725533614,4.027455343356717,4.591311334657624,True
UAGGA_CCUAAG,9,G,11,A,4.069009123907366,3.7191519858693187,4.248197515792675,True
UAGGC_CCUAAG,9,G,11,C,3.6857668391371536,3.510582028303044,3.866246323201466,False
UAGGG_ACUAAG,9,G,1,A,3.501465584418428,3.127704560025692,3.7142630115123376,True
UAGGG_CAUAAG,9,G,2,A,3.5562925513587738,3.194369554909347,3.7738243507121303,False
UAGGG_CCAAAG,9,G,3,A,4.219259329366503,3.783979076809045,4.445305463484313,True
UAGGG_CCCAAG,9,G,3,C,3.7670491007115694,3.4518372576115404,3.9877541022820098,True
UAGGG_CCGAAG,9,G,3,G,4.452106221436468,4.109229745475996,4.616156177576261,True
UAGGG_CCUAAA,9,G,6,A,2.208598141345534,2.0279415235780647,2.3930766489960242,False
UAGGG_CCUAAC,9,G,6,C,1.947909177269524,1.409366293965735,2.2453762367437964,False
UAGGG_CCUAAU,9,G,6,U,3.00361422626799,2.326316319360876,3.359768178670229,False
UAGGG_CCUACG,9,G,5,C,1.3090381156424105,0.9672864873029536,1.4534702322180624,False
UAGGG_CCUAGG,9,G,5,G,4.315685797666028,3.9716787340361535,4.4756354572821815,True
UAGGG_CCUAUG,9,G,5,U,3.5977378886982336,3.2300478828246546,3.8231382047306868,False
UAGGG_CCUCAG,9,G,4,C,4.481618499356244,4.145518100789011,4.61326998856076,True
UAGGG_CCUGAG,9,G,4,G,4.481618499356244,4.145518100789011,4.61326998856076,True
UAGGG_CCUUAG,9,G,4,U,4.4659103204566195,4.1292882527065,4.621971874643877,True
UAGGG_CGUAAG,9,G,2,G,4.481618499356244,4.145518100789011,4.61326998856076,True
UAGGG_CUUAAG,9,G,2,U,3.7592359513344946,3.1798226215235093,4.203180989764899,False
UAGGG_GCUAAG,9,G,1,G,2.5423604352334612,2.1783022266436918,2.7635250920360246,False
UAGGG_UCUAAG,9,G,1,U,2.3690769999538634,2.022753625275451,2.5591450450787976,False
UAGGU_CCUAAG,9,G,11,U,3.53021853838964,3.171655277747754,3.7248248202503125,True
UAGUG_CCUAAG,9,G,10,U,4.281319215543588,3.9029660776091393,4.5133591815709515,True
UAUAA_CCUAAG,10,A,11,A,4.418266687957706,4.075640059473478,4.5862498751991065,True
UAUAC_CCUAAG,10,A,11,C,4.481618499356244,4.145518100789011,4.61326998856076,True
UAUAG_ACUAAG,10,A,1,A,4.432691832815,4.069923948456259,4.627455820086081,True
UAUAG_CAUAAG,10,A,2,A,4.481618499356244,4.145518100789011,4.61326998856076,True
UAUAG_CCAAAG,10,A,3,A,4.481618499356244,4.145518100789011,4.61326998856076,True
UAUAG_CCCAAG,10,A,3,C,4.481618499356244,4.145518100789011,4.61326998856076,True
UAUAG_CCGAAG,10,A,3,G,4.481618499356244,4.145518100789011,4.61326998856076,True
UAUAG_CCUAAA,10,A,6,A,4.45731509432437,4.1216944755508695,4.609001961950203,True
UAUAG_CCUAAC,10,A,6,C,3.804054696387011,3.4452651383310378,4.005421710168068,False
UAUAG_CCUAAU,10,A,6,U,4.197265511861348,3.8382017861037943,4.395955577117763,True
UAUAG_CCUACG,10,A,5,C,4.55399955687311,4.135221037733415,4.698787515112679,True
UAUAG_CCUAGG,10,A,5,G,4.66547107064072,4.246841990747301,4.816690928888088,True
UAUAG_CCUAUG,10,A,5,U,4.481618499356244,4.145518100789011,4.61326998856076,True
UAUAG_CCUCAG,10,A,4,C,4.481618499356244,4.145518100789011,4.61326998856076,True
UAUAG_CCUGAG,10,A,4,G,4.481618499356244,4.145518100789011,4.61326998856076,True
UAUAG_CCUUAG,10,A,4,U,4.40504574495027,3.9979799602149146,4.64483506170946,True
UAUAG_CGUAAG,10,A,2,G,4.220529570388844,3.7366532718631547,4.50691874329468,True
UAUAG_CUUAAG,10,A,2,U,3.0818307271484904,2.6558411391748202,3.254312238926665,False
UAUAG_GCUAAG,10,A,1,G,4.3477293003668365,3.994596846257389,4.530059907160184,True
UAUAG_UCUAAG,10,A,1,U,4.132882248675674,3.7831918698794893,4.318386549749832,True
UAUAU_CCUAAG,10,A,11,U,4.481618499356244,4.145518100789011,4.61326998856076,True
UAUCA_CCUAAG,10,C,11,A,4.385956067142443,4.014209241141754,4.5934950266164964,True
UAUCC_CCUAAG,10,C,11,C,4.481618499356244,4.145518100789011,4.61326998856076,True
UAUCG_ACUAAG,10,C,1,A,3.5272275912919095,3.1754253138725703,3.718889441236296,False
UAUCG_CAUAAG,10,C,2,A,4.481618499356244,4.145518100789011,4.61326998856076,True
UAUCG_CCAAAG,10,C,3,A,4.481618499356244,4.145518100789011,4.61326998856076,True
UAUCG_CCCAAG,10,C,3,C,4.481618499356244,4.145518100789011,4.61326998856076,True
UAUCG_CCGAAG,10,C,3,G,4.481618499356244,4.145518100789011,4.61326998856076,True
UAUCG_CCUAAA,10,C,6,A,4.355407010061896,4.004739914516284,4.556533874821387,True
UAUCG_CCUAAC,10,C,6,C,4.329952163657397,3.984073440906909,4.4973818982426215,True
UAUCG_CCUAAU,10,C,6,U,4.123669605753632,3.696045512393536,4.424895333466645,True
UAUCG_CCUACG,10,C,5,C,4.343070015621875,4.0022192811634945,4.5124953758137405,True
UAUCG_CCUAGG,10,C,5,G,4.481618499356244,4.145518100789011,4.61326998856076,True
UAUCG_CCUAUG,10,C,5,U,4.481618499356244,4.145518100789011,4.61326998856076,True
UAUCG_CCUCAG,10,C,4,C,4.467887162041917,4.127701132868254,4.6193859577201755,True
UAUCG_CCUGAG,10,C,4,G,4.481618499356244,4.145518100789011,4.61326998856076,True
UAUCG_CCUUAG,10,C,4,U,4.481618499356244,4.145518100789011,4.61326998856076,True
UAUCG_CGUAAG,10,C,2,G,4.1565897783497565,3.8066893376162345,4.332987841647979,True
UAUCG_CUUAAG,10,C,2,U,4.114601227571251,3.7570018520693593,4.309862483518267,True
UAUCG_GCUAAG,10,C,1,G,3.3838270082093294,3.023807357748915,3.5726217654236936,False
UAUCG_UCUAAG,10,C,1,U,2.0632653433396824,1.7206591495458734,2.2207183099821806,False
UAUCU_CCUAAG,10,C,11,U,4.481618499356244,4.145518100789011,4.61326998856076,True
UAUGA_ACUAAG,11,A,1,A,2.153435765744383,1.812859804569638,2.3156299052895983,False
UAUGA_CAUAAG,11,A,2,A,4.481618499356244,4.145518100789011,4.61326998856076,True
UAUGA_CCAAAG,11,A,3,A,4.481618499356244,4.145518100789011,4.61326998856076,True
UAUGA_CCCAAG,11,A,3,C,4.481618499356244,4.145518100789011,4.61326998856076,True
UAUGA_CCGAAG,11,A,3,G,4.481618499356244,4.145518100789011,4.61326998856076,True
UAUGA_CCUAAA,11,A,6,A,1.914283997426653,1.5599967006382784,2.1016824739197513,False
UAUGA_CCUAAC,11,A,6,C,1.792347044614476,1.444766163378868,1.9773639851285727,False
UAUGA_CCUAAU,11,A,6,U,2.6540447769880875,2.2789879964897963,2.870368157819166,False
UAUGA_CCUACG,11,A,5,C,1.4587736258852608,1.119049651846681,1.6069392586243434,False
UAUGA_CCUAGG,11,A,5,G,4.295497715270953,3.937975855596123,4.499203583934763,True
UAUGA_CCUAUG,11,A,5,U,4.332471310105766,3.9934340214257804,4.486220539784843,True
UAUGA_CCUCAG,11,A,4,C,4.481618499356244,4.145518100789011,4.61326998856076,True
UAUGA_CCUGAG,11,A,4,G,3.8373896712254396,3.475823555657194,4.048872533091448,True
UAUGA_CCUUAG,11,A,4,U,4.202692716586091,3.8551680973588054,4.36322412046024,True
UAUGA_CGUAAG,11,A,2,G,3.572058590077539,3.2131061993974774,3.795864039816964,False
UAUGA_CUUAAG,11,A,2,U,3.6822203374805476,3.326811089087115,3.881906338233781,False
UAUGA_GCUAAG,11,A,1,G,1.9944351219398202,1.642691752059873,2.172978812198261,False
UAUGA_UCUAAG,11,A,1,U,0.6197416030057143,0.45749674115678013,0.7509822998340472,False
UAUGC_ACUAAG,11,C,1,A,2.3510291999286927,2.006634698722736,2.5064418712551197,False
UAUGC_CAUAAG,11,C,2,A,4.445427614140536,4.090760456432526,4.648961073474784,True
UAUGC_CCAAAG,11,C,3,A,4.66547107064072,4.246841990747301,4.816690928888088,True
UAUGC_CCCAAG,11,C,3,C,4.481618499356244,4.145518100789011,4.61326998856076,True
UAUGC_CCGAAG,11,C,3,G,4.496064371889717,4.079562429532759,4.636848806664712,True
UAUGC_CCUAAA,11,C,6,A,2.8866731593370942,2.537229700152317,3.0586294710384014,False
UAUGC_CCUAAC,11,C,6,C,2.5526681551037207,2.2096204671302786,2.7114338962604414,False
UAUGC_CCUAAU,11,C,6,U,3.2708859645090884,2.9152579333537094,3.4651954927616475,False
UAUGC_CCUACG,11,C,5,C,2.272757902319092,1.9318506325431248,2.4372806154453093,False
UAUGC_CCUAGG,11,C,5,G,4.39999608240955,4.05420474531937,4.567369024170786,True
UAUGC_CCUAUG,11,C,5,U,4.481618499356244,4.145518100789011,4.61326998856076,True
UAUGC_CCUCAG,11,C,4,C,4.481618499356244,4.145518100789011,4.61326998856076,True
UAUGC_CCUGAG,11,C,4,G,4.168112278747684,3.8298028973028106,4.318222800457548,True
UAUGC_CCUUAG,11,C,4,U,4.345096521776346,3.968728210046315,4.559526974629495,True
UAUGC_CGUAAG,11,C,2,G,4.182389209075261,3.84016832716209,4.346336632819393,True
UAUGC_CUUAAG,11,C,2,U,3.629796256886521,3.278217059165494,3.830080153070819,False
UAUGC_GCUAAG,11,C,1,G,0.8163820065074276,0.6187695715778131,0.9468253937239121,False
UAUGC_UCUAAG,11,C,1,U,2.8262484989851027,2.47867005668505,3.0111273379403642,False
UAUGG_AAUAAG,1,A,2,A,4.052283496489737,3.7011420164955258,4.235389042214337,True
UAUGG_ACAAAG,1,A,3,A,4.481618499356244,4.145518100789011,4.61326998856076,True
UAUGG_ACCAAG,1,A,3,C,4.435527066922461,4.053340965011149,4.67743047011723,True
UAUGG_ACGAAG,1,A,3,G,4.481618499356244,4.145518100789011,4.61326998856076,True
UAUGG_ACUAAA,1,A,6,A,2.524388475095018,2.122095475024861,2.737842936179573,False
UAUGG_ACUAAC,1,A,6,C,2.1447436437308935,1.8017679182388993,2.306775891186802,False
UAUGG_ACUAAU,1,A,6,U,3.0528083059340307,2.680425195523185,3.2732804520133234,False
UAUGG_ACUACG,1,A,5,C,2.627577812717881,2.2801500681921114,2.7999060189296445,False
UAUGG_ACUAGG,1,A,5,G,4.481618499356244,4.145518100789011,4.61326998856076,True
UAUGG_ACUAUG,1,A,5,U,4.481618499356244,4.145518100789011,4.61326998856076,True
UAUGG_ACUCAG,1,A,4,C,4.481618499356244,4.145518100789011,4.61326998856076,True
UAUGG_ACUGAG,1,A,4,G,3.6506214793086045,3.2863852589904767,3.8532993336389323,False
UAUGG_ACUUAG,1,A,4,U,4.289493641819821,3.901585098566565,4.4859904873001,True
UAUGG_AGUAAG,1,A,2,G,4.481618499356244,4.145518100789011,4.61326998856076,True
UAUGG_AUUAAG,1,A,2,U,3.5546694017876366,3.1988066354116103,3.829456167510527,True
UAUGG_CAAAAG,2,A,3,A,4.3449161740901,3.9771358585039733,4.577106601188831,True
UAUGG_CACAAG,2,A,3,C,4.481618499356244,4.145518100789011,4.61326998856076,True
UAUGG_CAGAAG,2,A,3,G,4.187425714589004,3.70344584464632,4.553247825079364,True
UAUGG_CAUAAA,2,A,6,A,3.4007000004255445,2.8402535888314557,3.8385804624878386,False
UAUGG_CAUAAC,2,A,6,C,2.983787987614468,2.6232517156188675,3.1865011078793097,False
UAUGG_CAUAAU,2,A,6,U,3.729118910650442,3.3627469340541154,3.9683574867797615,True
UAUGG_CAUACG,2,A,5,C,3.513177583641405,3.1569022518417995,3.7123678354070906,False
UAUGG_CAUAGG,2,A,5,G,4.481618499356244,4.145518100789011,4.61326998856076,True
UAUGG_CAUAUG,2,A,5,U,4.4693446919979545,4.120222530906353,4.6417424360143045,True
UAUGG_CAUCAG,2,A,4,C,4.481618499356244,4.145518100789011,4.61326998856076,True
UAUGG_CAUGAG,2,A,4,G,4.417318621890722,4.061010421025454,4.587719721436969,True
UAUGG_CAUUAG,2,A,4,U,4.481618499356244,4.145518100789011,4.61326998856076,True
UAUGG_CCAAAA,3,A,6,A,4.249601003553748,3.927465827795073,4.557750007122247,True
UAUGG_CCAAAC,3,A,6,C,4.457424283113664,4.0967685203761315,4.706456372323674,True
UAUGG_CCAAAU,3,A,6,U,4.20111966976081,3.504595818245456,4.679005180970656,True
UAUGG_CCAACG,3,A,5,C,4.43547327236301,4.077930301299025,4.626301555695216,True
UAUGG_CCAAGG,3,A,5,G,4.481618499356244,4.145518100789011,4.61326998856076,True
UAUGG_CCAAUG,3,A,5,U,4.466577742487065,4.112616518948636,4.664995269832489,True
UAUGG_CCACAG,3,A,4,C,3.9965275507714333,3.5466479233954926,4.357402950163943,True
UAUGG_CCAGAG,3,A,4,G,4.584019886963219,4.143766204096093,4.82207546339105,True
UAUGG_CCAUAG,3,A,4,U,4.481618499356244,4.145518100789011,4.61326998856076,True
UAUGG_CCCAAA,3,C,6,A,4.230038625578238,3.9243769183912547,4.434340781814114,True
UAUGG_CCCAAC,3,C,6,C,4.119898442460373,3.684046622506054,4.422532166453319,False
UAUGG_CCCAAU,3,C,6,U,4.01592998574303,3.4520406215510113,4.563820612452687,False
UAUGG_CCCACG,3,C,5,C,4.042262732427927,3.6431277781536866,4.3065531903795895,True
UAUGG_CCCAGG,3,C,5,G,4.3973030653033245,4.049190875674784,4.58642049131674,True
UAUGG_CCCAUG,3,C,5,U,4.304657551551353,3.8059239509367293,4.67065348821975,True
UAUGG_CCCCAG,3,C,4,C,4.3623127600361356,4.011386230044695,4.539910627566091,True
UAUGG_CCCGAG,3,C,4,G,4.393893656236852,3.9883912793139085,4.619583239792702,True
UAUGG_CCCUAG,3,C,4,U,4.481618499356244,4.145518100789011,4.61326998856076,True
UAUGG_CCGAAA,3,G,6,A,3.943004733134125,3.5102837456126212,4.266527594746444,True
UAUGG_CCGAAC,3,G,6,C,4.41698752243363,4.046423303230076,4.616605134596089,True
UAUGG_CCGAAU,3,G,6,U,4.471070374871079,4.123680597106124,4.6457467677207145,True
UAUGG_CCGACG,3,G,5,C,4.144701019267018,3.743989553559495,4.402803709429817,True
UAUGG_CCGAGG,3,G,5,G,4.390354019287162,4.044115639958266,4.573394409885859,True
UAUGG_CCGAUG,3,G,5,U,4.481618499356244,4.145518100789011,4.61326998856076,True
UAUGG_CCGCAG,3,G,4,C,4.3222283164982205,3.9360995778728194,4.594251008748733,True
UAUGG_CCGGAG,3,G,4,G,4.349903724070215,3.993349191881634,4.514734743463198,True
UAUGG_CCGUAG,3,G,4,U,4.286357461811166,3.9175466513975983,4.489894199649607,True
UAUGG_CCUACA,5,C,6,A,1.4382854148482729,0.9785159874472878,1.6281588128456654,False
UAUGG_CCUACC,5,C,6,C,1.2214474170499163,0.8744318427531028,1.3743571230291436,False
UAUGG_CCUACU,5,C,6,U,1.2851714160924783,1.1144486427092224,1.4595215981076897,False
UAUGG_CCUAGA,5,G,6,A,3.3693743554269253,2.9925979303561907,3.6103028923880975,False
UAUGG_CCUAGC,5,G,6,C,3.343512512806704,2.7880461735570754,3.9764241410324566,False
UAUGG_CCUAGU,5,G,6,U,3.5310422602443134,3.05406635664076,3.866786347618908,False
UAUGG_CCUAUA,5,U,6,A,4.450268053688147,4.261195261441093,4.640221226354579,True
UAUGG_CCUAUC,5,U,6,C,2.6276691675494153,2.1940502874277836,2.835866834875978,False
UAUGG_CCUAUU,5,U,6,U,2.3186698694448946,1.926245903453153,2.562311695348791,False
UAUGG_CCUCAA,4,C,6,A,2.895559338723138,2.636893285318829,3.1545335981228755,False
UAUGG_CCUCAC,4,C,6,C,1.8683917419257,1.3081576521902647,2.078372582941899,False
UAUGG_CCUCAU,4,C,6,U,2.748841542777458,2.3853334278860006,2.9602224865580173,False
UAUGG_CCUCCG,4,C,5,C,2.2315183061886406,1.7683592541744309,2.640515750392393,False
UAUGG_CCUCGG,4,C,5,G,3.022250577802774,2.652935246929292,3.237234100232923,False
UAUGG_CCUCUG,4,C,5,U,3.6173404569701884,3.1681595758135654,3.8648163294191207,False
UAUGG_CCUGAA,4,G,6,A,2.0328319397964325,1.6812285421303959,2.203627676894215,False
UAUGG_CCUGAC,4,G,6,C,2.106225578617164,1.6771778912071702,2.304676389140298,False
UAUGG_CCUGAU,4,G,6,U,2.162995409337583,1.5976822641516377,2.369283980752504,False
UAUGG_CCUGCG,4,G,5,C,1.1369031507924308,0.7757285241477639,1.2831297621217834,False
UAUGG_CCUGGG,4,G,5,G,1.4459972794490936,1.0220965689241646,1.6400705789146308,False
UAUGG_CCUGUG,4,G,5,U,0.3246396428335028,-0.10649126852053394,0.4983260063331097,False
UAUGG_CCUUAA,4,U,6,A,2.213088626776778,1.761981802695709,2.451202870721087,False
UAUGG_CCUUAC,4,U,6,C,2.181619262602186,1.8357103781111297,2.349540634369785,False
UAUGG_CCUUAU,4,U,6,U,3.3376523831528644,2.903703370512289,3.582608578161541,False
UAUGG_CCUUCG,4,U,5,C,1.7277619989197097,1.3850826178048858,1.8956473899451658,False
UAUGG_CCUUGG,4,U,5,G,3.4596540552186026,3.120566605232333,3.6212625011337916,True
UAUGG_CCUUUG,4,U,5,U,3.055966397390727,2.69145812655563,3.2597618058883353,False
UAUGG_CGAAAG,2,G,3,A,4.481618499356244,4.145518100789011,4.61326998856076,True
UAUGG_CGCAAG,2,G,3,C,4.349156015289793,3.948983789502498,4.622993568093521,True
UAUGG_CGGAAG,2,G,3,G,4.481618499356244,4.145518100789011,4.61326998856076,True
UAUGG_CGUAAA,2,G,6,A,4.481618499356244,4.145518100789011,4.61326998856076,True
UAUGG_CGUAAC,2,G,6,C,3.9790588943279794,3.6228850137621538,4.184264544292855,False
UAUGG_CGUAAU,2,G,6,U,4.337264660493596,3.9809422066504556,4.5269263080042945,True
UAUGG_CGUACG,2,G,5,C,4.399395018593422,4.0479387014544175,4.586024787394541,True
UAUGG_CGUAGG,2,G,5,G,4.481618499356244,4.145518100789011,4.61326998856076,True
UAUGG_CGUAUG,2,G,5,U,4.481618499356244,4.145518100789011,4.61326998856076,True
UAUGG_CGUCAG,2,G,4,C,4.44833076167174,4.1058024560429605,4.636525301598102,True
UAUGG_CGUGAG,2,G,4,G,4.22640327251092,3.852420088850342,4.447118025734829,True
UAUGG_CGUUAG,2,G,4,U,4.445263274751969,4.097912680736727,4.629960719231645,True
UAUGG_CUAAAG,2,U,3,A,4.446708367993395,4.079664527947297,4.678876231004211,True
UAUGG_CUCAAG,2,U,3,C,4.423669581003711,4.077391181702385,4.590727702900625,True
UAUGG_CUGAAG,2,U,3,G,4.434810597981963,4.090555363275993,4.591660805162733,True
UAUGG_CUUAAA,2,U,6,A,2.722067745239934,2.449082992900159,3.0064179080683013,False
UAUGG_CUUAAC,2,U,6,C,2.3301656216632107,1.9831493810294132,2.5310587217126157,False
UAUGG_CUUAAU,2,U,6,U,3.104167620390573,2.7496779452965994,3.313908903198325,False
UAUGG_CUUACG,2,U,5,C,2.5873151310422404,2.244194777113194,2.7623736595697888,False
UAUGG_CUUAGG,2,U,5,G,4.422724159738422,4.082037232350761,4.582155213393702,True
UAUGG_CUUAUG,2,U,5,U,4.481618499356244,4.145518100789011,4.61326998856076,True
UAUGG_CUUCAG,2,U,4,C,4.152526375426083,3.767716260742544,4.40835184624149,True
UAUGG_CUUGAG,2,U,4,G,4.137564663674893,3.7962031636675913,4.307766423621169,True
UAUGG_CUUUAG,2,U,4,U,4.4164077557104395,4.065884646919168,4.590420658648439,True
UAUGG_GAUAAG,1,G,2,A,3.2509778341575704,2.8817277747229784,3.483162463313778,False
UAUGG_GCAAAG,1,G,3,A,4.481618499356244,4.145518100789011,4.61326998856076,True
UAUGG_GCCAAG,1,G,3,C,4.37104134916191,4.033318687843579,4.536636922069177,True
UAUGG_GCGAAG,1,G,3,G,4.475564782323982,4.13225573985651,4.628091433363995,True
UAUGG_GCUAAA,1,G,6,A,1.300098328757393,0.9592742531721933,1.4549566085928,False
UAUGG_GCUAAC,1,G,6,C,0.9259368687015335,0.5281092845554677,1.1670147856881388,False
UAUGG_GCUAAU,1,G,6,U,1.6753618845589844,1.332450938831502,1.8412090595860071,False
UAUGG_GCUACG,1,G,5,C,1.25700599045999,0.9038192735352804,1.4219025596893233,False
UAUGG_GCUAGG,1,G,5,G,4.0617964583557225,3.7177840359624015,4.240297035942007,True
UAUGG_GCUAUG,1,G,5,U,4.481618499356244,4.145518100789011,4.61326998856076,True
UAUGG_GCUCAG,1,G,4,C,4.436459057648809,4.096986391780305,4.579886324684225,True
UAUGG_GCUGAG,1,G,4,G,2.5901467502542372,2.2295115003739396,2.796030445330125,False
UAUGG_GCUUAG,1,G,4,U,3.082649099164385,2.735341084201602,3.268564960216479,False
UAUGG_GGUAAG,1,G,2,G,4.260991836384193,3.515937182761386,4.647039401444687,True
UAUGG_GUUAAG,1,G,2,U,3.1014020221688545,2.749042401082652,3.2869367359529034,False
UAUGG_UAUAAG,1,U,2,A,3.8829711542888132,3.5176906997227446,4.099649587692297,False
UAUGG_UCAAAG,1,U,3,A,4.305594306350165,3.8751583546667296,4.545183420690047,True
UAUGG_UCCAAG,1,U,3,C,4.217674501788748,3.8692524242347357,4.42517640319994,True
UAUGG_UCGAAG,1,U,3,G,4.463066412097904,4.122541037718594,4.6071775207778956,True
UAUGG_UCUAAA,1,U,6,A,1.4566698849010133,1.036198783905875,1.607149473892695,False
UAUGG_UCUAAC,1,U,6,C,1.267576893041357,0.9291242045529773,1.4230248590275834,False
UAUGG_UCUAAU,1,U,6,U,1.9296179001419054,1.5061082902791036,2.1108368853904436,False
UAUGG_UCUACG,1,U,5,C,1.218462572784584,0.8795432477119222,1.3571044904786334,False
UAUGG_UCUAGG,1,U,5,G,3.944950596966938,3.557086156494127,4.1718601680335405,True
UAUGG_UCUAUG,1,U,5,U,4.446396553701641,4.106858309032988,4.590963573310856,True
UAUGG_UCUCAG,1,U,4,C,3.703163139792267,3.304111245178593,3.925103772705764,True
UAUGG_UCUGAG,1,U,4,G,2.7821356025140576,2.433388204733159,2.963391071081961,False
UAUGG_UCUUAG,1,U,4,U,3.104157792311853,2.749919942697692,3.281731990167755,False
UAUGG_UGUAAG,1,U,2,G,4.191515065684907,3.842950146849416,4.365411783966817,True
UAUGG_UUUAAG,1,U,2,U,3.1562453761308036,2.7997150256658183,3.368067117171804,False
UAUGU_ACUAAG,11,U,1,A,1.3674743924943125,1.0155107945409467,1.5434831925244354,False
UAUGU_CAUAAG,11,U,2,A,4.4518490007715,4.110542916950129,4.606876837630161,True
UAUGU_CCAAAG,11,U,3,A,4.481618499356244,4.145518100789011,4.61326998856076,True
UAUGU_CCCAAG,11,U,3,C,4.481618499356244,4.145518100789011,4.61326998856076,True
UAUGU_CCGAAG,11,U,3,G,4.481618499356244,4.145518100789011,4.61326998856076,True
UAUGU_CCUAAA,11,U,6,A,3.1278862066464144,2.699116795347084,3.3460180359321545,False
UAUGU_CCUAAC,11,U,6,C,3.013103723492839,2.6389069227475703,3.2775043616728534,False
UAUGU_CCUAAU,11,U,6,U,3.5910247534731248,3.2208316749429464,3.828814934102705,False
UAUGU_CCUACG,11,U,5,C,2.8958748584555036,2.5477715841448774,3.083444590581194,False
UAUGU_CCUAGG,11,U,5,G,4.481618499356244,4.145518100789011,4.61326998856076,True
UAUGU_CCUAUG,11,U,5,U,4.481618499356244,4.145518100789011,4.61326998856076,True
UAUGU_CCUCAG,11,U,4,C,4.481618499356244,4.145518100789011,4.61326998856076,True
UAUGU_CCUGAG,11,U,4,G,4.204860613915502,3.8163885430714557,4.46923271382131,True
UAUGU_CCUUAG,11,U,4,U,4.4404941831094416,4.091114716909466,4.6116302674011544,True
UAUGU_CGUAAG,11,U,2,G,3.2611371950376706,2.8874775445261123,3.5377775716464606,False
UAUGU_CUUAAG,11,U,2,U,3.4516551029823637,3.096055804187593,3.6471545854398344,False
UAUGU_GCUAAG,11,U,1,G,1.0083568760281985,0.6627632087336843,1.167886493549247,False
UAUGU_UCUAAG,11,U,1,U,1.991876486129056,1.6536810577314018,2.1407878326341696,False
UAUUA_CCUAAG,10,U,11,A,4.481618499356244,4.145518100789011,4.61326998856076,True
UAUUC_CCUAAG,10,U,11,C,4.481618499356244,4.145518100789011,4.61326998856076,True
UAUUG_ACUAAG,10,U,1,A,3.9046707126444735,3.5323744657231915,4.118438879350706,True
UAUUG_CAUAAG,10,U,2,A,4.481618499356244,4.145518100789011,4.61326998856076,True
UAUUG_CCAAAG,10,U,3,A,4.4198658920693585,4.046372466083132,4.655100920986466,True
UAUUG_CCCAAG,10,U,3,C,4.4597749039603745,4.106395852639424,4.628024877122395,True
UAUUG_CCGAAG,10,U,3,G,4.481618499356244,4.145518100789011,4.61326998856076,True
UAUUG_CCUAAA,10,U,6,A,4.328364576211492,3.9684587627393917,4.530476971326599,True
UAUUG_CCUAAC,10,U,6,C,4.290030504074027,3.9332210776038043,4.478570805562892,True
UAUUG_CCUAAU,10,U,6,U,4.455284517844849,4.115341219981206,4.616100329396909,True
UAUUG_CCUACG,10,U,5,C,4.313990094157639,3.9643666582540904,4.471106717208341,True
UAUUG_CCUAGG,10,U,5,G,4.481618499356244,4.145518100789011,4.61326998856076,True
UAUUG_CCUAUG,10,U,5,U,4.481618499356244,4.145518100789011,4.61326998856076,True
UAUUG_CCUCAG,10,U,4,C,4.427221685064893,4.072547688299821,4.636623568786082,True
UAUUG_CCUGAG,10,U,4,G,4.481618499356244,4.145518100789011,4.61326998856076,True
UAUUG_CCUUAG,10,U,4,U,4.481618499356244,4.145518100789011,4.61326998856076,True
UAUUG_CGUAAG,10,U,2,G,3.6942397276996513,3.329889096624208,3.9238779972954867,False
UAUUG_CUUAAG,10,U,2,U,3.5553964137099783,3.2297995606568266,3.8799976630870945,False
UAUUG_GCUAAG,10,U,1,G,3.7890345237863023,3.433603792736231,3.995556617727029,False
UAUUG_UCUAAG,10,U,1,U,2.1557744748431884,1.8076862412512213,2.337020335030238,False
UAUUU_CCUAAG,10,U,11,U,4.481618499356244,4.145518100789011,4.61326998856076,True
UCAGG_CCUAAG,8,C,9,A,3.8694439728211067,3.401240582713332,4.219034935807243,True
UCCGG_CCUAAG,8,C,9,C,3.805733260447314,3.6104637416678442,4.016747393456531,True
UCGGG_CCUAAG,8,C,9,G,4.3123680421062565,3.9487331477338214,4.518986936570628,True
UCUAG_CCUAAG,8,C,10,A,4.4684999494770326,4.119809229908964,4.670909615039993,True
UCUCG_CCUAAG,8,C,10,C,4.481618499356244,4.145518100789011,4.61326998856076,True
UCUGA_CCUAAG,8,C,11,A,4.481618499356244,4.145518100789011,4.61326998856076,True
UCUGC_CCUAAG,8,C,11,C,4.481618499356244,4.145518100789011,4.61326998856076,True
UCUGG_ACUAAG,8,C,1,A,4.481618499356244,4.145518100789011,4.61326998856076,True
UCUGG_CAUAAG,8,C,2,A,4.481618499356244,4.145518100789011,4.61326998856076,True
UCUGG_CCAAAG,8,C,3,A,4.236169227767509,4.070584463307054,4.419858527745569,True
UCUGG_CCCAAG,8,C,3,C,4.155211062839712,3.7337155817645127,4.478624004517575,True
UCUGG_CCGAAG,8,C,3,G,4.237732209379729,3.8799662979120133,4.534496143633397,False
UCUGG_CCUAAA,8,C,6,A,4.378585843495594,3.9441829493975713,4.600159077938639,True
UCUGG_CCUAAC,8,C,6,C,3.5800490398055747,3.2073347058177135,3.8057267667323957,False
UCUGG_CCUAAU,8,C,6,U,4.270201254928191,4.129970825730179,4.428358394716313,True
UCUGG_CCUACG,8,C,5,C,3.434835329958061,3.06392896716482,3.7165528335506557,True
UCUGG_CCUAGG,8,C,5,G,4.4144312896981015,4.060557707444151,4.613045445612057,True
UCUGG_CCUAUG,8,C,5,U,3.7553230184384523,3.373262674963492,3.999115021412755,False
UCUGG_CCUCAG,8,C,4,C,3.0148584940216594,2.662024432632521,3.2022801568693593,False
UCUGG_CCUGAG,8,C,4,G,3.3736968252387634,3.0803705373766967,3.6057548746144077,False
UCUGG_CCUUAG,8,C,4,U,3.1764096933361206,2.8032203132185645,3.3880323055599577,False
UCUGG_CGUAAG,8,C,2,G,4.481618499356244,4.145518100789011,4.61326998856076,True
UCUGG_CUUAAG,8,C,2,U,4.481618499356244,4.145518100789011,4.61326998856076,True
UCUGG_GCUAAG,8,C,1,G,4.481618499356244,4.145518100789011,4.61326998856076,True
UCUGG_UCUAAG,8,C,1,U,4.2164842048347495,3.850701092609058,4.432105306571082,True
UCUGU_CCUAAG,8,C,11,U,4.481618499356244,4.145518100789011,4.61326998856076,True
UCUUG_CCUAAG,8,C,10,U,4.450513909311438,4.099677522208327,4.613914018414531,True
UGAGG_CCUAAG,8,G,9,A,4.204745093684107,4.001900795725502,4.430364698042401,True
UGCGG_CCUAAG,8,G,9,C,4.456852274949861,4.107889701786995,4.624704439087816,True
UGGGG_CCUAAG,8,G,9,G,4.481618499356244,4.145518100789011,4.61326998856076,True
UGUAG_CCUAAG,8,G,10,A,4.481618499356244,4.145518100789011,4.61326998856076,True
UGUCG_CCUAAG,8,G,10,C,4.481618499356244,4.145518100789011,4.61326998856076,True
UGUGA_CCUAAG,8,G,11,A,4.481618499356244,4.145518100789011,4.61326998856076,True
UGUGC_CCUAAG,8,G,11,C,4.421527076938138,4.065598498125428,4.626524924169814,True
UGUGG_ACUAAG,8,G,1,A,4.481618499356244,4.145518100789011,4.61326998856076,True
UGUGG_CAUAAG,8,G,2,A,4.625945584904336,4.194311220245345,4.822735666927766,True
UGUGG_CCAAAG,8,G,3,A,4.272032070148547,3.927684908710183,4.464732927390863,True
UGUGG_CCCAAG,8,G,3,C,4.3813808716809515,3.937051581866962,4.636615374119895,False
UGUGG_CCGAAG,8,G,3,G,4.373431870293909,4.024795462006213,4.545043988881954,True
UGUGG_CCUAAA,8,G,6,A,3.8985438452833208,3.4854382030302298,4.190838937929213,True
UGUGG_CCUAAC,8,G,6,C,3.811659202337565,3.3781152336495364,4.024075124066433,False
UGUGG_CCUAAU,8,G,6,U,3.8705015115255783,3.0803911775773543,4.180181398325059,True
UGUGG_CCUACG,8,G,5,C,3.9140208037690765,3.3714672906563283,4.292489593426043,True
UGUGG_CCUAGG,8,G,5,G,3.776866126851476,3.1972532067268467,4.1564166974885755,True
UGUGG_CCUAUG,8,G,5,U,4.577747395530485,4.113814276533294,4.842957881347943,True
UGUGG_CCUCAG,8,G,4,C,3.4401818720357067,3.0683799539101395,3.659433438409843,False
UGUGG_CCUGAG,8,G,4,G,3.027785108470625,2.6637172091016263,3.2417719881447487,True
UGUGG_CCUUAG,8,G,4,U,3.3389582438733214,2.9326054635323895,3.5968461640009606,False
UGUGG_CGUAAG,8,G,2,G,4.481618499356244,4.145518100789011,4.61326998856076,True
UGUGG_CUUAAG,8,G,2,U,4.481618499356244,4.145518100789011,4.61326998856076,True
UGUGG_GCUAAG,8,G,1,G,4.481618499356244,4.145518100789011,4.61326998856076,True
UGUGG_UCUAAG,8,G,1,U,4.196302428826277,3.7297324999248005,4.635452343599331,True
UGUGU_CCUAAG,8,G,11,U,4.481618499356244,4.145518100789011,4.61326998856076,True
UGUUG_CCUAAG,8,G,10,U,4.4653038271722405,4.12674165462755,4.611008439009764,True
UUAGG_CCUAAG,8,U,9,A,4.317544352770696,3.814300080608635,4.66355799520194,True
UUCGG_CCUAAG,8,U,9,C,4.458040694435998,4.108248498350966,4.633752523062149,True
UUGGG_CCUAAG,8,U,9,G,4.420907814907822,4.035933207266542,4.7268179534061705,True
UUUAG_CCUAAG,8,U,10,A,4.481618499356244,4.145518100789011,4.61326998856076,True
UUUCG_CCUAAG,8,U,10,C,4.4454622186548125,4.097639351216598,4.614956129133765,True
UUUGA_CCUAAG,8,U,11,A,4.481618499356244,4.145518100789011,4.61326998856076,True
UUUGC_CCUAAG,8,U,11,C,4.481618499356244,4.145518100789011,4.61326998856076,True
UUUGG_ACUAAG,8,U,1,A,4.481618499356244,4.145518100789011,4.61326998856076,True
UUUGG_CAUAAG,8,U,2,A,4.481618499356244,4.145518100789011,4.61326998856076,True
UUUGG_CCAAAG,8,U,3,A,4.388286171092111,4.296026014860855,4.513660114724674,True
UUUGG_CCCAAG,8,U,3,C,4.66547107064072,4.246841990747301,4.816690928888088,True
UUUGG_CCGAAG,8,U,3,G,4.481618499356244,4.145518100789011,4.61326998856076,True
UUUGG_CCUAAA,8,U,6,A,3.8291316258206334,3.4007163551049695,4.28016573768312,False
UUUGG_CCUAAC,8,U,6,C,3.6847181950264,3.371687120679656,4.014923925194239,False
UUUGG_CCUAAU,8,U,6,U,3.482404366574067,2.885276574869888,3.761325216617848,False
UUUGG_CCUACG,8,U,5,C,2.3706855417137214,1.8845655540817163,2.603774273936747,False
UUUGG_CCUAGG,8,U,5,G,3.4596167199050036,3.057349717883937,3.7893201245583046,False
UUUGG_CCUAUG,8,U,5,U,3.964658429391744,3.6004690337316063,4.193339336831196,True
UUUGG_CCUCAG,8,U,4,C,3.081510226765451,2.725257767844527,3.290218620503997,False
UUUGG_CCUGAG,8,U,4,G,3.9887820473277555,3.4904677409886484,4.282960949777798,True
UUUGG_CCUUAG,8,U,4,U,3.7223664691916847,3.3713627685705494,3.934375431551823,True
UUUGG_CGUAAG,8,U,2,G,4.481618499356244,4.145518100789011,4.61326998856076,True
UUUGG_CUUAAG,8,U,2,U,4.481618499356244,4.145518100789011,4.61326998856076,True
UUUGG_GCUAAG,8,U,1,G,4.481618499356244,4.145518100789011,4.61326998856076,True
UUUGG_UCUAAG,8,U,1,U,4.481618499356244,4.145518100789011,4.61326998856076,True
UUUGU_CCUAAG,8,U,11,U,4.481618499356244,4.145518100789011,4.61326998856076,True
UUUUG_CCUAAG,8,U,10,U,4.481618499356244,4.145518100789011,4.61326998856076,True
